{
  "dataset_name": "result_d4_admg20_seed9_lambda0.001_lambda_corr0.1_lambda_nl8.0",
  "directed_adj_final": [
    [
      0.0,
      0.0,
      0.0,
      0.0
    ],
    [
      0.0,
      0.0,
      0.0,
      0.0
    ],
    [
      0.01,
      0.0,
      0.0,
      0.02
    ],
    [
      0.0,
      0.97,
      0.0,
      0.0
    ]
  ],
  "bidirected_adj_final": [
    [
      0.0,
      1.0,
      0.04,
      1.0
    ],
    [
      1.0,
      0.0,
      1.0,
      0.0
    ],
    [
      0.04,
      1.0,
      0.0,
      0.0
    ],
    [
      1.0,
      0.0,
      0.0,
      0.0
    ]
  ],
  "W_truth": [
    [
      4.4546073779092954e-06,
      7.1271438767585166e-06,
      1.062777333967457e-05,
      7.68397224261569e-06
    ],
    [
      1.2273694238329538e-05,
      1.2779525146760574e-05,
      8.21645397775201e-06,
      2.288883067600443e-06
    ],
    [
      1.4698144527608556e-06,
      3.95556160657267e-06,
      6.1443327898997565e-06,
      6.7379655974404785e-06
    ],
    [
      1.2364020883956401e-05,
      6.70647144384929e-07,
      6.4181099561415e-06,
      2.043513193951821e-06
    ]
  ],
  "Sigma_truth": [
    [
      1.0,
      0.40414966155428,
      0.0,
      -0.5983093172536584
    ],
    [
      0.40414966155428,
      1.0,
      -0.4568444341818154,
      0.0
    ],
    [
      0.0,
      -0.4568444341818154,
      1.0,
      0.0
    ],
    [
      -0.5983093172536584,
      0.0,
      0.0,
      1.0
    ]
  ],
  "admg": {
    "0": {
      "parents": [],
      "spouses": [
        1,
        3
      ]
    },
    "1": {
      "parents": [],
      "spouses": [
        0,
        2
      ]
    },
    "2": {
      "parents": [],
      "spouses": [
        1
      ]
    },
    "3": {
      "parents": [],
      "spouses": [
        0
      ]
    }
  }
}