{
  "dataset_name": "result_d4_admg17_seed4_lambda0.001_lambda_corr0.1_lambda_nl8.0",
  "directed_adj_final": [
    [
      0.0,
      0.01,
      0.0,
      1.0
    ],
    [
      0.0,
      0.0,
      0.0,
      0.0
    ],
    [
      0.0,
      0.0,
      0.0,
      0.0
    ],
    [
      0.0,
      0.0,
      0.0,
      0.0
    ]
  ],
  "bidirected_adj_final": [
    [
      0.0,
      0.0,
      1.0,
      0.0
    ],
    [
      0.0,
      0.0,
      1.0,
      0.03
    ],
    [
      1.0,
      1.0,
      0.0,
      1.0
    ],
    [
      0.0,
      0.03,
      1.0,
      0.0
    ]
  ],
  "W_truth": [
    [
      3.42037496686904e-06,
      1.9694175282849074e-06,
      1.5160345444800523,
      2.3643933249525118
    ],
    [
      4.154559848271591e-06,
      1.7493145511078253e-06,
      2.97778770061637e-06,
      1.2826632815499748e-06
    ],
    [
      5.009205885725931e-06,
      6.129831265489537e-06,
      5.308484787516904e-06,
      1.1915211950382507
    ],
    [
      2.1322795315213978e-06,
      2.72260087888915e-06,
      5.361478826186749e-07,
      2.686831606311917e-06
    ]
  ],
  "Sigma_truth": [
    [
      0.9999999999999999,
      0.0,
      0.0,
      0.0
    ],
    [
      0.0,
      0.9999999999999999,
      0.6757691454194757,
      0.6777117447208012
    ],
    [
      0.0,
      0.6757691454194757,
      0.9999999999999999,
      0.0
    ],
    [
      0.0,
      0.6777117447208012,
      0.0,
      0.9999999999999999
    ]
  ],
  "admg": {
    "0": {
      "parents": [],
      "spouses": []
    },
    "1": {
      "parents": [],
      "spouses": [
        2,
        3
      ]
    },
    "2": {
      "parents": [
        0
      ],
      "spouses": [
        1
      ]
    },
    "3": {
      "parents": [
        0,
        2
      ],
      "spouses": [
        1
      ]
    }
  }
}