{
  "dataset_name": "result_d4_admg13_seed8_lambda0.001_lambda_corr0.1_lambda_nl8.0",
  "directed_adj_final": [
    [
      0.0,
      1.0,
      0.0,
      0.0
    ],
    [
      0.0,
      0.0,
      0.02,
      0.0
    ],
    [
      0.0,
      0.0,
      0.0,
      0.0
    ],
    [
      0.0,
      0.0,
      0.0,
      0.0
    ]
  ],
  "bidirected_adj_final": [
    [
      0.0,
      0.0,
      0.01,
      1.0
    ],
    [
      0.0,
      0.0,
      0.01,
      0.05
    ],
    [
      0.01,
      0.01,
      0.0,
      1.0
    ],
    [
      1.0,
      0.05,
      1.0,
      0.0
    ]
  ],
  "W_truth": [
    [
      5.594030038521205e-06,
      2.445960029614841,
      2.967424505173639e-06,
      6.648588941191084e-06
    ],
    [
      7.426875338627459e-06,
      1.1219051602285393e-06,
      6.266020579685886e-06,
      4.239311538064644e-06
    ],
    [
      1.7518322138889018e-06,
      9.197254257265668e-06,
      1.6294222258010235e-06,
      2.834857451962152
    ],
    [
      6.001421679252031e-06,
      3.149580844868581e-07,
      9.764802274169746e-06,
      1.6480620655563788e-06
    ]
  ],
  "Sigma_truth": [
    [
      1.0,
      0.0,
      0.0,
      0.7493717611167265
    ],
    [
      0.0,
      1.0,
      0.0,
      0.0
    ],
    [
      0.0,
      0.0,
      1.0,
      0.0
    ],
    [
      0.7493717611167265,
      0.0,
      0.0,
      1.0
    ]
  ],
  "admg": {
    "0": {
      "parents": [],
      "spouses": [
        3
      ]
    },
    "1": {
      "parents": [
        0
      ],
      "spouses": []
    },
    "2": {
      "parents": [],
      "spouses": []
    },
    "3": {
      "parents": [
        2
      ],
      "spouses": [
        0
      ]
    }
  }
}