{
  "dataset_name": "result_d4_admg4_seed1_lambda0.001_lambda_corr0.1_lambda_nl8.0",
  "directed_adj_final": [
    [
      0.0,
      1.0,
      0.0,
      0.0
    ],
    [
      0.0,
      0.0,
      0.0,
      0.0
    ],
    [
      0.0,
      0.0,
      0.0,
      0.0
    ],
    [
      0.0,
      0.0,
      0.0,
      0.0
    ]
  ],
  "bidirected_adj_final": [
    [
      0.0,
      0.0,
      0.0,
      1.0
    ],
    [
      0.0,
      0.0,
      0.0,
      1.0
    ],
    [
      0.0,
      0.0,
      0.0,
      1.0
    ],
    [
      1.0,
      1.0,
      1.0,
      0.0
    ]
  ],
  "W_truth": [
    [
      1.3945942093789604e-06,
      1.037061407444943e-06,
      8.66616903787546e-06,
      8.123463926132492e-06
    ],
    [
      1.67268040747285e-06,
      4.4959267779845906e-07,
      3.1092431500346396e-07,
      2.5608724688652713
    ],
    [
      5.766175541213235e-06,
      3.334307109644999e-06,
      5.83427019334396e-06,
      1.9444447050721343
    ],
    [
      9.909013144927283e-06,
      4.412323223265087e-07,
      4.430378835453353e-06,
      3.7628157745042193e-06
    ]
  ],
  "Sigma_truth": [
    [
      1.0,
      0.5668088018810297,
      0.0,
      -0.400045749926938
    ],
    [
      0.5668088018810297,
      1.0,
      0.0,
      0.0
    ],
    [
      0.0,
      0.0,
      1.0,
      0.0
    ],
    [
      -0.400045749926938,
      0.0,
      0.0,
      1.0
    ]
  ],
  "admg": {
    "0": {
      "parents": [],
      "spouses": [
        1,
        3
      ]
    },
    "1": {
      "parents": [],
      "spouses": [
        0
      ]
    },
    "2": {
      "parents": [],
      "spouses": []
    },
    "3": {
      "parents": [
        1,
        2
      ],
      "spouses": [
        0
      ]
    }
  }
}