{
  "dataset_name": "result_d4_admg4_seed0_lambda0.001_lambda_corr0.1_lambda_nl8.0",
  "directed_adj_final": [
    [
      0.0,
      1.0,
      0.01,
      0.0
    ],
    [
      0.0,
      0.0,
      0.0,
      1.0
    ],
    [
      0.0,
      0.0,
      0.0,
      1.0
    ],
    [
      0.0,
      0.0,
      0.0,
      0.0
    ]
  ],
  "bidirected_adj_final": [
    [
      0.0,
      0.0,
      0.0,
      1.0
    ],
    [
      0.0,
      0.0,
      0.0,
      0.0
    ],
    [
      0.0,
      0.0,
      0.0,
      0.0
    ],
    [
      1.0,
      0.0,
      0.0,
      0.0
    ]
  ],
  "W_truth": [
    [
      7.4231531507285915e-06,
      4.466973285345007e-06,
      3.5110608223679677e-06,
      2.2592852377478736e-06
    ],
    [
      2.598441871953493e-06,
      5.446120159292292e-06,
      1.1839273860367534e-05,
      4.416411137210278
    ],
    [
      2.9736739044061923e-06,
      2.5583685067752e-06,
      1.567092807021067e-06,
      3.780808944077588
    ],
    [
      3.6447667079889773e-06,
      1.0455095487158122e-05,
      7.584544722862775e-06,
      2.1202479121242002e-06
    ]
  ],
  "Sigma_truth": [
    [
      1.0,
      0.61952540157093,
      0.0,
      0.6411053504286576
    ],
    [
      0.61952540157093,
      1.0,
      0.0,
      0.0
    ],
    [
      0.0,
      0.0,
      1.0,
      0.0
    ],
    [
      0.6411053504286576,
      0.0,
      0.0,
      1.0
    ]
  ],
  "admg": {
    "0": {
      "parents": [],
      "spouses": [
        1,
        3
      ]
    },
    "1": {
      "parents": [],
      "spouses": [
        0
      ]
    },
    "2": {
      "parents": [],
      "spouses": []
    },
    "3": {
      "parents": [
        1,
        2
      ],
      "spouses": [
        0
      ]
    }
  }
}