{
  "dataset_name": "result_d4_admg4_seed2_lambda0.001_lambda_corr0.1_lambda_nl8.0",
  "directed_adj_final": [
    [
      0.0,
      0.0,
      0.0,
      1.0
    ],
    [
      0.0,
      0.0,
      0.0,
      1.0
    ],
    [
      0.0,
      0.92,
      0.0,
      0.0
    ],
    [
      0.0,
      0.0,
      0.0,
      0.0
    ]
  ],
  "bidirected_adj_final": [
    [
      0.0,
      1.0,
      0.0,
      0.0
    ],
    [
      1.0,
      0.0,
      0.0,
      0.0
    ],
    [
      0.0,
      0.0,
      0.0,
      0.32
    ],
    [
      0.0,
      0.0,
      0.32,
      0.0
    ]
  ],
  "W_truth": [
    [
      7.719870302860536e-08,
      3.2675130022290678e-06,
      3.393223816710051e-06,
      3.5859647075899814e-06
    ],
    [
      6.822321400849565e-06,
      5.3069062462564705e-06,
      1.0573719350549455e-06,
      2.9562292553110376
    ],
    [
      3.677917452716358e-07,
      9.482149360425537e-06,
      9.530908305716541e-06,
      2.7960430702587
    ],
    [
      1.1959074867968974e-06,
      6.683336562230671e-06,
      1.4938082234639823e-06,
      2.0974788475311975e-06
    ]
  ],
  "Sigma_truth": [
    [
      1.0,
      -0.5743979608568015,
      0.0,
      -0.6198649911514837
    ],
    [
      -0.5743979608568015,
      1.0,
      0.0,
      0.0
    ],
    [
      0.0,
      0.0,
      1.0,
      0.0
    ],
    [
      -0.6198649911514837,
      0.0,
      0.0,
      1.0
    ]
  ],
  "admg": {
    "0": {
      "parents": [],
      "spouses": [
        1,
        3
      ]
    },
    "1": {
      "parents": [],
      "spouses": [
        0
      ]
    },
    "2": {
      "parents": [],
      "spouses": []
    },
    "3": {
      "parents": [
        1,
        2
      ],
      "spouses": [
        0
      ]
    }
  }
}