{
  "dataset_name": "result_d4_admg17_seed1_lambda0.001_lambda_corr0.1_lambda_nl8.0",
  "directed_adj_final": [
    [
      0.0,
      0.0,
      0.0,
      0.0
    ],
    [
      1.0,
      0.0,
      0.01,
      0.0
    ],
    [
      0.0,
      0.0,
      0.0,
      0.0
    ],
    [
      0.0,
      0.0,
      0.0,
      0.0
    ]
  ],
  "bidirected_adj_final": [
    [
      0.0,
      0.01,
      1.0,
      1.0
    ],
    [
      0.01,
      0.0,
      0.03,
      1.0
    ],
    [
      1.0,
      0.03,
      0.0,
      0.0
    ],
    [
      1.0,
      1.0,
      0.0,
      0.0
    ]
  ],
  "W_truth": [
    [
      1.3945859894757685e-06,
      1.0370616429334434e-06,
      4.2796220232712265,
      4.246596966246917
    ],
    [
      1.6726682163873221e-06,
      4.495923966671584e-07,
      7.046166571240515e-07,
      1.3344437495862784e-06
    ],
    [
      5.7661646867494666e-06,
      3.334307931065429e-06,
      2.66840284513284e-06,
      1.5320881636073334
    ],
    [
      9.909018156001628e-06,
      4.41227208889098e-07,
      3.2114411194007953e-06,
      2.636315629166846e-06
    ]
  ],
  "Sigma_truth": [
    [
      1.0,
      0.0,
      0.0,
      0.0
    ],
    [
      0.0,
      1.0,
      0.5668088018810297,
      -0.400045749926938
    ],
    [
      0.0,
      0.5668088018810297,
      1.0,
      0.0
    ],
    [
      0.0,
      -0.400045749926938,
      0.0,
      1.0
    ]
  ],
  "admg": {
    "0": {
      "parents": [],
      "spouses": []
    },
    "1": {
      "parents": [],
      "spouses": [
        2,
        3
      ]
    },
    "2": {
      "parents": [
        0
      ],
      "spouses": [
        1
      ]
    },
    "3": {
      "parents": [
        0,
        2
      ],
      "spouses": [
        1
      ]
    }
  }
}