{
  "dataset_name": "result_d4_admg3_seed6_lambda0.001_lambda_corr0.1_lambda_nl8.0",
  "directed_adj_final": [
    [
      0.0,
      1.0,
      0.0,
      0.0
    ],
    [
      0.0,
      0.0,
      0.0,
      0.0
    ],
    [
      0.0,
      0.0,
      0.0,
      0.0
    ],
    [
      0.0,
      1.0,
      0.0,
      0.0
    ]
  ],
  "bidirected_adj_final": [
    [
      0.0,
      0.0,
      1.0,
      0.0
    ],
    [
      0.0,
      0.0,
      1.0,
      0.0
    ],
    [
      1.0,
      1.0,
      0.0,
      1.0
    ],
    [
      0.0,
      0.0,
      1.0,
      0.0
    ]
  ],
  "W_truth": [
    [
      5.363507192434611e-06,
      7.247489818910264e-06,
      2.779388316959776,
      9.444929834638794e-07
    ],
    [
      1.0805248530018472e-05,
      2.2641105293363585e-06,
      2.412803927290488,
      1.744505860643924
    ],
    [
      5.403417839494393e-06,
      1.6634368921790547e-06,
      3.3707865251050568e-06,
      5.976276574379498e-07
    ],
    [
      5.411567854895281e-06,
      3.244495325860179e-06,
      2.7927006749086174e-06,
      2.6538422557367446e-06
    ]
  ],
  "Sigma_truth": [
    [
      1.0,
      -0.6878760186983636,
      0.0,
      -0.6618449003515253
    ],
    [
      -0.6878760186983636,
      1.0,
      0.0,
      0.0
    ],
    [
      0.0,
      0.0,
      1.0,
      0.0
    ],
    [
      -0.6618449003515253,
      0.0,
      0.0,
      1.0
    ]
  ],
  "admg": {
    "0": {
      "parents": [],
      "spouses": [
        1,
        3
      ]
    },
    "1": {
      "parents": [],
      "spouses": [
        0
      ]
    },
    "2": {
      "parents": [
        0,
        1
      ],
      "spouses": []
    },
    "3": {
      "parents": [
        1
      ],
      "spouses": [
        0
      ]
    }
  }
}