{
  "dataset_name": "result_d4_admg7_seed0_lambda0.001_lambda_corr0.1_lambda_nl8.0",
  "directed_adj_final": [
    [
      0.0,
      1.0,
      0.01,
      0.0
    ],
    [
      0.0,
      0.0,
      0.0,
      0.0
    ],
    [
      0.0,
      1.0,
      0.0,
      0.0
    ],
    [
      0.0,
      0.0,
      0.0,
      0.0
    ]
  ],
  "bidirected_adj_final": [
    [
      0.0,
      0.0,
      0.0,
      1.0
    ],
    [
      0.0,
      0.0,
      0.0,
      1.0
    ],
    [
      0.0,
      0.0,
      0.0,
      1.0
    ],
    [
      1.0,
      1.0,
      1.0,
      0.0
    ]
  ],
  "W_truth": [
    [
      7.423153234411231e-06,
      4.46697321419845e-06,
      3.5110608504372755e-06,
      1.6955842616352776e-06
    ],
    [
      2.598441922103779e-06,
      5.446120323376901e-06,
      1.1839273838867043e-05,
      3.992168917625359
    ],
    [
      2.973673881726925e-06,
      2.558368536324536e-06,
      1.5670928550649143e-06,
      6.206891278124269e-06
    ],
    [
      3.644766751072332e-06,
      1.0455095484339976e-05,
      7.584544707071108e-06,
      1.4994800460709583e-06
    ]
  ],
  "Sigma_truth": [
    [
      1.0,
      0.61952540157093,
      0.0,
      0.0
    ],
    [
      0.61952540157093,
      1.0,
      0.6411053504286576,
      0.0
    ],
    [
      0.0,
      0.6411053504286576,
      1.0,
      0.0
    ],
    [
      0.0,
      0.0,
      0.0,
      1.0
    ]
  ],
  "admg": {
    "0": {
      "parents": [],
      "spouses": [
        1
      ]
    },
    "1": {
      "parents": [],
      "spouses": [
        0,
        2
      ]
    },
    "2": {
      "parents": [],
      "spouses": [
        1
      ]
    },
    "3": {
      "parents": [
        1
      ],
      "spouses": []
    }
  }
}