{
  "dataset_name": "result_d4_admg17_seed0_lambda0.001_lambda_corr0.1_lambda_nl8.0",
  "directed_adj_final": [
    [
      0.0,
      0.0,
      0.0,
      1.0
    ],
    [
      0.0,
      0.0,
      0.0,
      0.0
    ],
    [
      0.0,
      0.0,
      0.0,
      1.0
    ],
    [
      0.0,
      0.0,
      0.0,
      0.0
    ]
  ],
  "bidirected_adj_final": [
    [
      0.0,
      0.0,
      1.0,
      0.0
    ],
    [
      0.0,
      0.0,
      1.0,
      1.0
    ],
    [
      1.0,
      1.0,
      0.0,
      0.0
    ],
    [
      0.0,
      1.0,
      0.0,
      0.0
    ]
  ],
  "W_truth": [
    [
      7.423135265105601e-06,
      4.4669731765221635e-06,
      2.164420857262114,
      1.9035800100007878
    ],
    [
      2.5984301669030925e-06,
      5.446102781341383e-06,
      9.902387832369648e-06,
      2.423982335016591e-06
    ],
    [
      2.9736739464345564e-06,
      2.5583633523673704e-06,
      9.11797958296624e-07,
      0.9994152386022885
    ],
    [
      3.6447539052907566e-06,
      1.045510030512603e-05,
      6.1130463440777485e-06,
      1.3539228724426431e-06
    ]
  ],
  "Sigma_truth": [
    [
      1.0,
      0.0,
      0.0,
      0.0
    ],
    [
      0.0,
      1.0,
      0.61952540157093,
      0.6411053504286576
    ],
    [
      0.0,
      0.61952540157093,
      1.0,
      0.0
    ],
    [
      0.0,
      0.6411053504286576,
      0.0,
      1.0
    ]
  ],
  "admg": {
    "0": {
      "parents": [],
      "spouses": []
    },
    "1": {
      "parents": [],
      "spouses": [
        2,
        3
      ]
    },
    "2": {
      "parents": [
        0
      ],
      "spouses": [
        1
      ]
    },
    "3": {
      "parents": [
        0,
        2
      ],
      "spouses": [
        1
      ]
    }
  }
}