{
  "dataset_name": "result_d4_admg13_seed2_lambda0.001_lambda_corr0.1_lambda_nl8.0",
  "directed_adj_final": [
    [
      0.0,
      0.0,
      0.01,
      0.0
    ],
    [
      0.0,
      0.0,
      0.0,
      1.0
    ],
    [
      0.0,
      0.0,
      0.0,
      0.0
    ],
    [
      0.0,
      0.0,
      0.0,
      0.0
    ]
  ],
  "bidirected_adj_final": [
    [
      0.0,
      1.0,
      0.0,
      1.0
    ],
    [
      1.0,
      0.0,
      0.0,
      0.0
    ],
    [
      0.0,
      0.0,
      0.0,
      1.0
    ],
    [
      1.0,
      0.0,
      1.0,
      0.0
    ]
  ],
  "W_truth": [
    [
      7.719700017771638e-08,
      1.5291848982116898,
      3.3932276130973864e-06,
      4.454730869275995e-06
    ],
    [
      6.822317627825072e-06,
      4.245902419648563e-06,
      1.0573701896839543e-06,
      4.981209896306945e-06
    ],
    [
      3.6779220108991533e-07,
      7.358180700299876e-06,
      9.530909810533925e-06,
      3.4309152259642137
    ],
    [
      1.1959136740110355e-06,
      4.296941710652892e-06,
      1.4938114705034748e-06,
      3.05251669779056e-06
    ]
  ],
  "Sigma_truth": [
    [
      1.0,
      0.0,
      0.0,
      -0.5743979608568015
    ],
    [
      0.0,
      1.0,
      0.0,
      0.0
    ],
    [
      0.0,
      0.0,
      1.0,
      0.0
    ],
    [
      -0.5743979608568015,
      0.0,
      0.0,
      1.0
    ]
  ],
  "admg": {
    "0": {
      "parents": [],
      "spouses": [
        3
      ]
    },
    "1": {
      "parents": [
        0
      ],
      "spouses": []
    },
    "2": {
      "parents": [],
      "spouses": []
    },
    "3": {
      "parents": [
        2
      ],
      "spouses": [
        0
      ]
    }
  }
}