{
  "dataset_name": "result_d4_admg20_seed8_lambda0.001_lambda_corr0.1_lambda_nl8.0",
  "directed_adj_final": [
    [
      0.0,
      1.0,
      0.02,
      0.0
    ],
    [
      0.0,
      0.0,
      0.0,
      0.0
    ],
    [
      0.0,
      1.0,
      0.0,
      0.0
    ],
    [
      0.0,
      0.0,
      0.0,
      0.0
    ]
  ],
  "bidirected_adj_final": [
    [
      0.0,
      0.0,
      0.04,
      1.0
    ],
    [
      0.0,
      0.0,
      0.0,
      1.0
    ],
    [
      0.04,
      0.0,
      0.0,
      0.82
    ],
    [
      1.0,
      1.0,
      0.82,
      0.0
    ]
  ],
  "W_truth": [
    [
      5.594038131776314e-06,
      4.840705290012551e-06,
      2.96742177387808e-06,
      1.0153593909377679e-05
    ],
    [
      7.426877732799323e-06,
      1.8145251897842578e-06,
      6.266026274239464e-06,
      5.968397968478228e-06
    ],
    [
      1.7518379634829135e-06,
      1.4080838798019023e-05,
      1.6294274973047598e-06,
      4.00435091581757e-06
    ],
    [
      6.001425994178041e-06,
      9.471068401372049e-08,
      9.764800434846005e-06,
      2.560037359321568e-06
    ]
  ],
  "Sigma_truth": [
    [
      0.9999999999999998,
      0.6402308579834406,
      0.0,
      0.6387836245314364
    ],
    [
      0.6402308579834406,
      0.9999999999999998,
      -0.42127593060366625,
      0.0
    ],
    [
      0.0,
      -0.42127593060366625,
      0.9999999999999998,
      0.0
    ],
    [
      0.6387836245314364,
      0.0,
      0.0,
      0.9999999999999998
    ]
  ],
  "admg": {
    "0": {
      "parents": [],
      "spouses": [
        1,
        3
      ]
    },
    "1": {
      "parents": [],
      "spouses": [
        0,
        2
      ]
    },
    "2": {
      "parents": [],
      "spouses": [
        1
      ]
    },
    "3": {
      "parents": [],
      "spouses": [
        0
      ]
    }
  }
}