{
  "dataset_name": "result_d4_admg7_seed5_lambda0.001_lambda_corr0.1_lambda_nl8.0",
  "directed_adj_final": [
    [
      0.0,
      0.0,
      0.0,
      0.0
    ],
    [
      1.0,
      0.0,
      0.0,
      0.0
    ],
    [
      1.0,
      0.0,
      0.0,
      0.99
    ],
    [
      0.0,
      0.0,
      0.0,
      0.0
    ]
  ],
  "bidirected_adj_final": [
    [
      0.0,
      0.0,
      0.0,
      0.02
    ],
    [
      0.0,
      0.0,
      0.91,
      1.0
    ],
    [
      0.0,
      0.91,
      0.0,
      0.0
    ],
    [
      0.02,
      1.0,
      0.0,
      0.0
    ]
  ],
  "W_truth": [
    [
      1.525204439257272e-06,
      3.874141697393417e-07,
      1.7272631284487198e-06,
      6.271685512410912e-06
    ],
    [
      6.713124665799047e-06,
      3.5701264357533204e-06,
      4.797404565649819e-06,
      3.0339532628545802
    ],
    [
      5.50868689078699e-07,
      2.2401235563269186e-06,
      6.491754287821304e-06,
      4.4852152151393315e-06
    ],
    [
      4.652326997266175e-06,
      2.8254223887931824e-06,
      5.287966997118385e-06,
      2.52557594680631e-06
    ]
  ],
  "Sigma_truth": [
    [
      1.0,
      0.4887972684358958,
      0.0,
      0.0
    ],
    [
      0.4887972684358958,
      1.0,
      0.4826876621357706,
      0.0
    ],
    [
      0.0,
      0.4826876621357706,
      1.0,
      0.0
    ],
    [
      0.0,
      0.0,
      0.0,
      1.0
    ]
  ],
  "admg": {
    "0": {
      "parents": [],
      "spouses": [
        1
      ]
    },
    "1": {
      "parents": [],
      "spouses": [
        0,
        2
      ]
    },
    "2": {
      "parents": [],
      "spouses": [
        1
      ]
    },
    "3": {
      "parents": [
        1
      ],
      "spouses": []
    }
  }
}