{
  "dataset_name": "result_d4_admg13_seed4_lambda0.001_lambda_corr0.1_lambda_nl8.0",
  "directed_adj_final": [
    [
      0.0,
      0.0,
      0.0,
      0.0
    ],
    [
      0.0,
      0.0,
      0.0,
      1.0
    ],
    [
      0.01,
      0.0,
      0.0,
      0.0
    ],
    [
      0.0,
      0.0,
      0.0,
      0.0
    ]
  ],
  "bidirected_adj_final": [
    [
      0.0,
      1.0,
      0.0,
      1.0
    ],
    [
      1.0,
      0.0,
      0.01,
      0.0
    ],
    [
      0.0,
      0.01,
      0.0,
      1.0
    ],
    [
      1.0,
      0.0,
      1.0,
      0.0
    ]
  ],
  "W_truth": [
    [
      3.4203866226093808e-06,
      1.2837209034960593,
      1.2829663236330101e-06,
      5.264505881333751e-06
    ],
    [
      4.154561187352319e-06,
      9.478848230013012e-07,
      5.917073876608913e-06,
      1.9862293170155304e-06
    ],
    [
      5.009206220623944e-06,
      6.516067841434354e-06,
      7.944706010537432e-06,
      1.2550994157962396
    ],
    [
      2.1322797533686385e-06,
      2.595376189871054e-06,
      1.00563358931245e-06,
      2.4240630785422204e-06
    ]
  ],
  "Sigma_truth": [
    [
      1.0,
      0.0,
      0.0,
      0.7868119356054707
    ],
    [
      0.0,
      1.0,
      0.0,
      0.0
    ],
    [
      0.0,
      0.0,
      1.0,
      0.0
    ],
    [
      0.7868119356054707,
      0.0,
      0.0,
      1.0
    ]
  ],
  "admg": {
    "0": {
      "parents": [],
      "spouses": [
        3
      ]
    },
    "1": {
      "parents": [
        0
      ],
      "spouses": []
    },
    "2": {
      "parents": [],
      "spouses": []
    },
    "3": {
      "parents": [
        2
      ],
      "spouses": [
        0
      ]
    }
  }
}