{
  "dataset_name": "result_d4_admg3_seed4_lambda0.001_lambda_corr0.1_lambda_nl8.0",
  "directed_adj_final": [
    [
      0.0,
      1.0,
      0.0,
      0.0
    ],
    [
      0.0,
      0.0,
      0.0,
      1.0
    ],
    [
      0.0,
      0.0,
      0.0,
      0.02
    ],
    [
      0.0,
      0.0,
      0.0,
      0.0
    ]
  ],
  "bidirected_adj_final": [
    [
      0.0,
      0.0,
      0.0,
      1.0
    ],
    [
      0.0,
      0.0,
      1.0,
      0.0
    ],
    [
      0.0,
      1.0,
      0.0,
      0.0
    ],
    [
      1.0,
      0.0,
      0.0,
      0.0
    ]
  ],
  "W_truth": [
    [
      3.420377140322437e-06,
      1.9694179219771993e-06,
      1.5651946859665917,
      6.05784339454223e-06
    ],
    [
      4.1545582440271285e-06,
      1.7493100748911113e-06,
      2.133412414477835,
      1.8663680429580445
    ],
    [
      5.0092033171453275e-06,
      6.129833929623858e-06,
      3.765983515850318e-06,
      2.1724320573032817e-06
    ],
    [
      2.132280578552867e-06,
      2.722599848571889e-06,
      1.5906030469266465e-06,
      2.3479125347710646e-06
    ]
  ],
  "Sigma_truth": [
    [
      0.9999999999999999,
      0.6757691454194757,
      0.0,
      0.6777117447208012
    ],
    [
      0.6757691454194757,
      0.9999999999999999,
      0.0,
      0.0
    ],
    [
      0.0,
      0.0,
      0.9999999999999999,
      0.0
    ],
    [
      0.6777117447208012,
      0.0,
      0.0,
      0.9999999999999999
    ]
  ],
  "admg": {
    "0": {
      "parents": [],
      "spouses": [
        1,
        3
      ]
    },
    "1": {
      "parents": [],
      "spouses": [
        0
      ]
    },
    "2": {
      "parents": [
        0,
        1
      ],
      "spouses": []
    },
    "3": {
      "parents": [
        1
      ],
      "spouses": [
        0
      ]
    }
  }
}