{
  "dataset_name": "result_d4_admg23_seed1_lambda0.001_lambda_corr0.1_lambda_nl8.0",
  "directed_adj_final": [
    [
      0.0,
      0.02,
      0.0,
      0.0
    ],
    [
      0.0,
      0.0,
      0.0,
      0.02
    ],
    [
      0.99,
      0.0,
      0.0,
      0.0
    ],
    [
      0.0,
      0.01,
      0.0,
      0.0
    ]
  ],
  "bidirected_adj_final": [
    [
      0.0,
      0.0,
      0.0,
      1.0
    ],
    [
      0.0,
      0.0,
      1.0,
      0.0
    ],
    [
      0.0,
      1.0,
      0.0,
      0.19
    ],
    [
      1.0,
      0.0,
      0.19,
      0.0
    ]
  ],
  "W_truth": [
    [
      1.3945942973712915e-06,
      1.0370608180439781e-06,
      5.0953188678718596e-06,
      7.037601196238785
    ],
    [
      1.6726709628507461e-06,
      4.495909494198139e-07,
      0.9515804518076524,
      2.186428103753694e-06
    ],
    [
      5.766162807696926e-06,
      3.3343093571757157e-06,
      6.63461854007566e-06,
      2.4456970924737267e-06
    ],
    [
      9.909011167472454e-06,
      4.412336353236471e-07,
      2.5702880175540356e-06,
      1.6163089933394453e-06
    ]
  ],
  "Sigma_truth": [
    [
      1.0,
      0.0,
      0.5668088018810297,
      0.0
    ],
    [
      0.0,
      1.0,
      0.0,
      0.0
    ],
    [
      0.5668088018810297,
      0.0,
      1.0,
      0.0
    ],
    [
      0.0,
      0.0,
      0.0,
      1.0
    ]
  ],
  "admg": {
    "0": {
      "parents": [],
      "spouses": [
        2
      ]
    },
    "1": {
      "parents": [],
      "spouses": []
    },
    "2": {
      "parents": [
        1
      ],
      "spouses": [
        0
      ]
    },
    "3": {
      "parents": [
        0
      ],
      "spouses": []
    }
  }
}