{
  "dataset_name": "result_d4_admg23_seed3_lambda0.001_lambda_corr0.1_lambda_nl8.0",
  "directed_adj_final": [
    [
      0.0,
      0.0,
      1.0,
      0.0
    ],
    [
      0.0,
      0.0,
      0.0,
      0.0
    ],
    [
      0.0,
      0.0,
      0.0,
      0.0
    ],
    [
      0.0,
      0.0,
      0.0,
      0.0
    ]
  ],
  "bidirected_adj_final": [
    [
      0.0,
      0.0,
      0.0,
      1.0
    ],
    [
      0.0,
      0.0,
      0.63,
      0.0
    ],
    [
      0.0,
      0.63,
      0.0,
      0.03
    ],
    [
      1.0,
      0.0,
      0.03,
      0.0
    ]
  ],
  "W_truth": [
    [
      2.857957169285286e-07,
      1.9230536562610997e-07,
      4.069942622252066e-06,
      2.3645113540250082
    ],
    [
      2.165624378507983e-06,
      9.609703780577265e-06,
      1.7584231133329122,
      1.8477361765601874e-06
    ],
    [
      3.380163728240263e-06,
      6.489368513314802e-06,
      1.4536783742282841e-06,
      2.6829013861074918e-06
    ],
    [
      3.3429529316640375e-07,
      1.102844044167587e-05,
      3.6638271373902933e-06,
      2.8618593849813894e-06
    ]
  ],
  "Sigma_truth": [
    [
      1.0,
      0.0,
      0.6203191610298302,
      0.0
    ],
    [
      0.0,
      1.0,
      0.0,
      0.0
    ],
    [
      0.6203191610298302,
      0.0,
      1.0,
      0.0
    ],
    [
      0.0,
      0.0,
      0.0,
      1.0
    ]
  ],
  "admg": {
    "0": {
      "parents": [],
      "spouses": [
        2
      ]
    },
    "1": {
      "parents": [],
      "spouses": []
    },
    "2": {
      "parents": [
        1
      ],
      "spouses": [
        0
      ]
    },
    "3": {
      "parents": [
        0
      ],
      "spouses": []
    }
  }
}