{
  "dataset_name": "result_d4_admg7_seed6_lambda0.001_lambda_corr0.1_lambda_nl8.0",
  "directed_adj_final": [
    [
      0.0,
      1.0,
      0.0,
      0.0
    ],
    [
      0.0,
      0.0,
      0.0,
      0.0
    ],
    [
      0.0,
      1.0,
      0.0,
      0.0
    ],
    [
      0.0,
      0.0,
      0.0,
      0.0
    ]
  ],
  "bidirected_adj_final": [
    [
      0.0,
      0.0,
      0.0,
      1.0
    ],
    [
      0.0,
      0.0,
      0.0,
      1.0
    ],
    [
      0.0,
      0.0,
      0.0,
      1.0
    ],
    [
      1.0,
      1.0,
      1.0,
      0.0
    ]
  ],
  "W_truth": [
    [
      5.363498233478167e-06,
      7.247507764004786e-06,
      3.836128457950373e-06,
      9.602594075940345e-07
    ],
    [
      1.0805242707702629e-05,
      2.264122111183816e-06,
      2.427283258108892e-06,
      1.7021558447095457
    ],
    [
      5.403404318322773e-06,
      1.663472103683015e-06,
      5.360721588859041e-06,
      5.93325565633678e-07
    ],
    [
      5.411557850597181e-06,
      3.2444908645674226e-06,
      6.4194262305298195e-06,
      2.632115878195275e-06
    ]
  ],
  "Sigma_truth": [
    [
      1.0,
      -0.6878760186983636,
      0.0,
      0.0
    ],
    [
      -0.6878760186983636,
      1.0,
      -0.6618449003515253,
      0.0
    ],
    [
      0.0,
      -0.6618449003515253,
      1.0,
      0.0
    ],
    [
      0.0,
      0.0,
      0.0,
      1.0
    ]
  ],
  "admg": {
    "0": {
      "parents": [],
      "spouses": [
        1
      ]
    },
    "1": {
      "parents": [],
      "spouses": [
        0,
        2
      ]
    },
    "2": {
      "parents": [],
      "spouses": [
        1
      ]
    },
    "3": {
      "parents": [
        1
      ],
      "spouses": []
    }
  }
}