{
  "dataset_name": "result_d4_admg23_seed6_lambda0.001_lambda_corr0.1_lambda_nl8.0",
  "directed_adj_final": [
    [
      0.0,
      0.0,
      0.0,
      0.0
    ],
    [
      0.01,
      0.0,
      0.0,
      0.0
    ],
    [
      0.0,
      0.0,
      0.0,
      0.0
    ],
    [
      1.0,
      0.0,
      0.0,
      0.0
    ]
  ],
  "bidirected_adj_final": [
    [
      0.0,
      0.01,
      1.0,
      0.0
    ],
    [
      0.01,
      0.0,
      1.0,
      1.0
    ],
    [
      1.0,
      1.0,
      0.0,
      0.07
    ],
    [
      0.0,
      1.0,
      0.07,
      0.0
    ]
  ],
  "W_truth": [
    [
      5.363506941524928e-06,
      7.247489521182274e-06,
      2.9583096145902736e-06,
      1.7081362417241568
    ],
    [
      1.0805248867112626e-05,
      2.264110256547036e-06,
      1.6041300083070664,
      1.5424749325458723e-06
    ],
    [
      5.4034177536517784e-06,
      1.6634364478265527e-06,
      4.206652111118149e-06,
      1.6178971815929659e-06
    ],
    [
      5.411568411645342e-06,
      3.2444954977013845e-06,
      3.590659166587004e-06,
      2.6438426035007897e-06
    ]
  ],
  "Sigma_truth": [
    [
      1.0,
      0.0,
      -0.7571440605744006,
      0.0
    ],
    [
      0.0,
      1.0,
      0.0,
      0.0
    ],
    [
      -0.7571440605744006,
      0.0,
      1.0,
      0.0
    ],
    [
      0.0,
      0.0,
      0.0,
      1.0
    ]
  ],
  "admg": {
    "0": {
      "parents": [],
      "spouses": [
        2
      ]
    },
    "1": {
      "parents": [],
      "spouses": []
    },
    "2": {
      "parents": [
        1
      ],
      "spouses": [
        0
      ]
    },
    "3": {
      "parents": [
        0
      ],
      "spouses": []
    }
  }
}