{
  "dataset_name": "result_d4_admg2_seed1_lambda0.001_lambda_corr0.1_lambda_nl8.0",
  "directed_adj_final": [
    [
      0.0,
      0.0,
      0.0,
      0.98
    ],
    [
      0.0,
      0.0,
      0.0,
      0.01
    ],
    [
      0.0,
      0.0,
      0.0,
      1.0
    ],
    [
      0.0,
      0.01,
      0.0,
      0.0
    ]
  ],
  "bidirected_adj_final": [
    [
      0.0,
      1.0,
      0.01,
      0.0
    ],
    [
      1.0,
      0.0,
      1.0,
      0.02
    ],
    [
      0.01,
      1.0,
      0.0,
      0.0
    ],
    [
      0.0,
      0.02,
      0.0,
      0.0
    ]
  ],
  "W_truth": [
    [
      1.394616682205561e-06,
      0.6677275734971879,
      2.4563262845826055e-06,
      1.3812904001604472e-05
    ],
    [
      1.672711855714578e-06,
      5.889356114045352e-07,
      0.23103330025166127,
      4.009888813820858e-06
    ],
    [
      5.766195807500515e-06,
      2.9672232086020995e-06,
      3.6744658162509816e-06,
      2.6249539366248296e-06
    ],
    [
      9.90899814423113e-06,
      6.056169717215726e-07,
      1.8971499988220594e-06,
      3.858725513695273e-06
    ]
  ],
  "Sigma_truth": [
    [
      1.0,
      0.0,
      0.0,
      0.0
    ],
    [
      0.0,
      1.0,
      0.0,
      0.0
    ],
    [
      0.0,
      0.0,
      1.0,
      0.5668088018810297
    ],
    [
      0.0,
      0.0,
      0.5668088018810297,
      1.0
    ]
  ],
  "admg": {
    "0": {
      "parents": [],
      "spouses": []
    },
    "1": {
      "parents": [
        0
      ],
      "spouses": []
    },
    "2": {
      "parents": [
        1
      ],
      "spouses": [
        3
      ]
    },
    "3": {
      "parents": [],
      "spouses": [
        2
      ]
    }
  }
}