{
  "dataset_name": "result_d4_admg2_seed5_lambda0.001_lambda_corr0.1_lambda_nl8.0",
  "directed_adj_final": [
    [
      0.0,
      0.0,
      0.0,
      0.0
    ],
    [
      0.0,
      0.0,
      0.0,
      0.0
    ],
    [
      0.0,
      0.0,
      0.0,
      0.0
    ],
    [
      0.01,
      0.0,
      0.0,
      0.0
    ]
  ],
  "bidirected_adj_final": [
    [
      0.0,
      1.0,
      0.02,
      0.0
    ],
    [
      1.0,
      0.0,
      0.0,
      0.01
    ],
    [
      0.02,
      0.0,
      0.0,
      1.0
    ],
    [
      0.0,
      0.01,
      1.0,
      0.0
    ]
  ],
  "W_truth": [
    [
      1.5252026328322686e-06,
      1.0336406267010632,
      4.84192403931046e-07,
      4.0340717632837215e-06
    ],
    [
      6.713115407867577e-06,
      2.5932699701424577e-06,
      0.33639304578263607,
      5.226860205454919e-06
    ],
    [
      5.50850001522227e-07,
      1.4425968882644927e-06,
      8.850135197123034e-07,
      7.2617767828439205e-06
    ],
    [
      4.652329082865523e-06,
      2.476348842356135e-06,
      7.021814324240098e-07,
      1.5203095846807548e-06
    ]
  ],
  "Sigma_truth": [
    [
      1.0,
      0.0,
      0.0,
      0.0
    ],
    [
      0.0,
      1.0,
      0.0,
      0.0
    ],
    [
      0.0,
      0.0,
      1.0,
      0.4887972684358958
    ],
    [
      0.0,
      0.0,
      0.4887972684358958,
      1.0
    ]
  ],
  "admg": {
    "0": {
      "parents": [],
      "spouses": []
    },
    "1": {
      "parents": [
        0
      ],
      "spouses": []
    },
    "2": {
      "parents": [
        1
      ],
      "spouses": [
        3
      ]
    },
    "3": {
      "parents": [],
      "spouses": [
        2
      ]
    }
  }
}