{
  "dataset_name": "result_d4_admg4_seed5_lambda0.001_lambda_corr0.1_lambda_nl8.0",
  "directed_adj_final": [
    [
      0.0,
      0.0,
      0.0,
      0.0
    ],
    [
      1.0,
      0.0,
      0.0,
      0.0
    ],
    [
      0.0,
      0.0,
      0.0,
      1.0
    ],
    [
      0.0,
      0.0,
      0.0,
      0.0
    ]
  ],
  "bidirected_adj_final": [
    [
      0.0,
      0.0,
      0.02,
      1.0
    ],
    [
      0.0,
      0.0,
      0.25,
      1.0
    ],
    [
      0.02,
      0.25,
      0.0,
      0.0
    ],
    [
      1.0,
      1.0,
      0.0,
      0.0
    ]
  ],
  "W_truth": [
    [
      1.5252044001868662e-06,
      3.8741416613739533e-07,
      1.7272631033421704e-06,
      3.7061995643897104e-06
    ],
    [
      6.7131246317858046e-06,
      3.570126505290327e-06,
      4.797404639141961e-06,
      2.8838235218568613
    ],
    [
      5.508687772724521e-07,
      2.240123606975035e-06,
      6.491754377123387e-06,
      3.958438125544346
    ],
    [
      4.652326938516099e-06,
      2.8254225227126358e-06,
      5.287966999336708e-06,
      1.5058804264733049e-06
    ]
  ],
  "Sigma_truth": [
    [
      1.0,
      0.4887972684358958,
      0.0,
      0.4826876621357706
    ],
    [
      0.4887972684358958,
      1.0,
      0.0,
      0.0
    ],
    [
      0.0,
      0.0,
      1.0,
      0.0
    ],
    [
      0.4826876621357706,
      0.0,
      0.0,
      1.0
    ]
  ],
  "admg": {
    "0": {
      "parents": [],
      "spouses": [
        1,
        3
      ]
    },
    "1": {
      "parents": [],
      "spouses": [
        0
      ]
    },
    "2": {
      "parents": [],
      "spouses": []
    },
    "3": {
      "parents": [
        1,
        2
      ],
      "spouses": [
        0
      ]
    }
  }
}