{
  "dataset_name": "result_d4_admg2_seed4_lambda0.001_lambda_corr0.1_lambda_nl8.0",
  "directed_adj_final": [
    [
      0.0,
      0.0,
      0.0,
      0.01
    ],
    [
      0.0,
      0.0,
      0.0,
      0.0
    ],
    [
      1.0,
      0.0,
      0.0,
      1.0
    ],
    [
      0.0,
      0.0,
      0.0,
      0.0
    ]
  ],
  "bidirected_adj_final": [
    [
      0.0,
      1.0,
      0.0,
      0.0
    ],
    [
      1.0,
      0.0,
      1.0,
      1.0
    ],
    [
      0.0,
      1.0,
      0.0,
      0.0
    ],
    [
      0.0,
      1.0,
      0.0,
      0.0
    ]
  ],
  "W_truth": [
    [
      3.420390779325208e-06,
      1.259484847531381,
      6.648177780940639e-07,
      7.337251770356756e-06
    ],
    [
      4.154559255133041e-06,
      9.353286264320501e-07,
      1.5673756743701086,
      3.3009173833285447e-06
    ],
    [
      5.0092035850696795e-06,
      6.487839925791564e-06,
      2.369528439955871e-06,
      2.0787410793241046e-06
    ],
    [
      2.1322806118597693e-06,
      2.5653801212924197e-06,
      4.528492069274485e-07,
      2.6396858527696e-06
    ]
  ],
  "Sigma_truth": [
    [
      1.0,
      0.0,
      0.0,
      0.0
    ],
    [
      0.0,
      1.0,
      0.0,
      0.0
    ],
    [
      0.0,
      0.0,
      1.0,
      0.7868119356054707
    ],
    [
      0.0,
      0.0,
      0.7868119356054707,
      1.0
    ]
  ],
  "admg": {
    "0": {
      "parents": [],
      "spouses": []
    },
    "1": {
      "parents": [
        0
      ],
      "spouses": []
    },
    "2": {
      "parents": [
        1
      ],
      "spouses": [
        3
      ]
    },
    "3": {
      "parents": [],
      "spouses": [
        2
      ]
    }
  }
}