{
  "dataset_name": "result_d4_admg17_seed7_lambda0.001_lambda_corr0.1_lambda_nl8.0",
  "directed_adj_final": [
    [
      0.0,
      1.0,
      0.0,
      1.0
    ],
    [
      0.0,
      0.0,
      0.0,
      0.0
    ],
    [
      0.0,
      0.0,
      0.0,
      0.0
    ],
    [
      0.0,
      1.0,
      0.0,
      0.0
    ]
  ],
  "bidirected_adj_final": [
    [
      0.0,
      0.01,
      1.0,
      0.0
    ],
    [
      0.01,
      0.0,
      1.0,
      0.0
    ],
    [
      1.0,
      1.0,
      0.0,
      1.0
    ],
    [
      0.0,
      0.0,
      1.0,
      0.0
    ]
  ],
  "W_truth": [
    [
      7.629873165033746e-07,
      3.323740394444376e-06,
      2.462617789167526,
      1.7861721765573735
    ],
    [
      1.4766779807224559e-05,
      1.1494191076222392e-07,
      1.519489229315292e-06,
      2.475264114949815e-06
    ],
    [
      3.844356675020646e-06,
      3.3846958632031014e-06,
      9.304734421161506e-06,
      0.7789524252337241
    ],
    [
      6.232769917912855e-06,
      4.302216649258674e-06,
      7.912323341449804e-07,
      8.148301473441843e-07
    ]
  ],
  "Sigma_truth": [
    [
      1.0,
      0.0,
      0.0,
      0.0
    ],
    [
      0.0,
      1.0,
      0.4305233157495829,
      0.5753636925763574
    ],
    [
      0.0,
      0.4305233157495829,
      1.0,
      0.0
    ],
    [
      0.0,
      0.5753636925763574,
      0.0,
      1.0
    ]
  ],
  "admg": {
    "0": {
      "parents": [],
      "spouses": []
    },
    "1": {
      "parents": [],
      "spouses": [
        2,
        3
      ]
    },
    "2": {
      "parents": [
        0
      ],
      "spouses": [
        1
      ]
    },
    "3": {
      "parents": [
        0,
        2
      ],
      "spouses": [
        1
      ]
    }
  }
}