{
  "dataset_name": "result_d4_admg2_seed3_lambda0.001_lambda_corr0.1_lambda_nl8.0",
  "directed_adj_final": [
    [
      0.0,
      0.0,
      0.0,
      0.0
    ],
    [
      0.01,
      0.0,
      0.0,
      0.0
    ],
    [
      0.0,
      0.0,
      0.0,
      0.0
    ],
    [
      0.01,
      0.0,
      0.0,
      0.0
    ]
  ],
  "bidirected_adj_final": [
    [
      0.0,
      0.0,
      0.04,
      0.0
    ],
    [
      0.0,
      0.0,
      0.02,
      0.02
    ],
    [
      0.04,
      0.02,
      0.0,
      1.0
    ],
    [
      0.0,
      0.02,
      1.0,
      0.0
    ]
  ],
  "W_truth": [
    [
      2.857856843147892e-07,
      0.26267151840214836,
      9.839896081367753e-07,
      4.340346090756608e-06
    ],
    [
      2.1656312405490894e-06,
      6.280172031819278e-06,
      0.12746025090536525,
      2.742353861195244e-06
    ],
    [
      3.3801588036019876e-06,
      4.414766733086008e-06,
      4.642791778273682e-07,
      3.1749101482379636e-06
    ],
    [
      3.3430147199867054e-07,
      7.028600557223489e-06,
      3.9784180543964213e-07,
      4.972922223425683e-06
    ]
  ],
  "Sigma_truth": [
    [
      1.0,
      0.0,
      0.0,
      0.0
    ],
    [
      0.0,
      1.0,
      0.0,
      0.0
    ],
    [
      0.0,
      0.0,
      1.0,
      0.6203191610298302
    ],
    [
      0.0,
      0.0,
      0.6203191610298302,
      1.0
    ]
  ],
  "admg": {
    "0": {
      "parents": [],
      "spouses": []
    },
    "1": {
      "parents": [
        0
      ],
      "spouses": []
    },
    "2": {
      "parents": [
        1
      ],
      "spouses": [
        3
      ]
    },
    "3": {
      "parents": [],
      "spouses": [
        2
      ]
    }
  }
}