{
  "dataset_name": "result_d4_admg12_seed9_lambda0.001_lambda_corr0.1_lambda_nl8.0",
  "directed_adj_final": [
    [
      0.0,
      0.0,
      0.0,
      0.01
    ],
    [
      0.0,
      0.0,
      1.0,
      0.0
    ],
    [
      0.0,
      0.0,
      0.0,
      0.0
    ],
    [
      0.0,
      0.0,
      0.0,
      0.0
    ]
  ],
  "bidirected_adj_final": [
    [
      0.0,
      0.0,
      1.0,
      0.0
    ],
    [
      0.0,
      0.0,
      0.0,
      1.0
    ],
    [
      1.0,
      0.0,
      0.0,
      1.0
    ],
    [
      0.0,
      1.0,
      1.0,
      0.0
    ]
  ],
  "W_truth": [
    [
      4.454652490325799e-06,
      7.127149667975012e-06,
      5.271515308830267,
      7.63706757529381e-06
    ],
    [
      1.2273723560834831e-05,
      1.2779569851577237e-05,
      4.133258784940043e-06,
      1.316419582326202
    ],
    [
      1.469768877055499e-06,
      3.955650335363614e-06,
      3.3774467144649066e-06,
      7.4254430531823004e-06
    ],
    [
      1.236406387994255e-05,
      6.705630233470276e-07,
      3.228718115748045e-06,
      1.7940696128173826e-06
    ]
  ],
  "Sigma_truth": [
    [
      1.0,
      0.0,
      0.0,
      0.0
    ],
    [
      0.0,
      1.0,
      0.40414966155428,
      0.0
    ],
    [
      0.0,
      0.40414966155428,
      1.0,
      -0.5983093172536584
    ],
    [
      0.0,
      0.0,
      -0.5983093172536584,
      1.0
    ]
  ],
  "admg": {
    "0": {
      "parents": [],
      "spouses": []
    },
    "1": {
      "parents": [],
      "spouses": [
        2
      ]
    },
    "2": {
      "parents": [
        0
      ],
      "spouses": [
        1,
        3
      ]
    },
    "3": {
      "parents": [
        1
      ],
      "spouses": [
        2
      ]
    }
  }
}