{
  "dataset_name": "result_d4_admg19_seed6_lambda0.001_lambda_corr0.1_lambda_nl8.0",
  "directed_adj_final": [
    [
      0.0,
      1.0,
      0.0,
      0.0
    ],
    [
      0.0,
      0.0,
      0.0,
      0.0
    ],
    [
      0.0,
      0.0,
      0.0,
      0.0
    ],
    [
      1.0,
      0.0,
      0.0,
      0.0
    ]
  ],
  "bidirected_adj_final": [
    [
      0.0,
      0.0,
      1.0,
      0.0
    ],
    [
      0.0,
      0.0,
      0.98,
      0.0
    ],
    [
      1.0,
      0.98,
      0.0,
      1.0
    ],
    [
      0.0,
      0.0,
      1.0,
      0.0
    ]
  ],
  "W_truth": [
    [
      5.363506322254472e-06,
      7.247490756885456e-06,
      2.589255831150052,
      1.7081385732188377
    ],
    [
      1.0805248425018555e-05,
      2.2641108525440163e-06,
      4.359974799455582e-06,
      1.5424812678616775e-06
    ],
    [
      5.403416721067059e-06,
      1.6634389799350423e-06,
      2.8869677850055015e-06,
      1.6178946647911497e-06
    ],
    [
      5.411567715995838e-06,
      3.244495237893465e-06,
      3.370395851556971e-06,
      2.643845724875557e-06
    ]
  ],
  "Sigma_truth": [
    [
      1.0,
      -0.7571440605744006,
      0.0,
      0.0
    ],
    [
      -0.7571440605744006,
      1.0,
      0.0,
      0.0
    ],
    [
      0.0,
      0.0,
      1.0,
      0.0
    ],
    [
      0.0,
      0.0,
      0.0,
      1.0
    ]
  ],
  "admg": {
    "0": {
      "parents": [],
      "spouses": [
        1
      ]
    },
    "1": {
      "parents": [],
      "spouses": [
        0
      ]
    },
    "2": {
      "parents": [
        0
      ],
      "spouses": []
    },
    "3": {
      "parents": [
        0
      ],
      "spouses": []
    }
  }
}