{
  "dataset_name": "result_d4_admg7_seed4_lambda0.001_lambda_corr0.1_lambda_nl8.0",
  "directed_adj_final": [
    [
      0.0,
      1.0,
      1.0,
      0.0
    ],
    [
      0.0,
      0.0,
      0.0,
      0.0
    ],
    [
      0.0,
      1.0,
      0.0,
      0.0
    ],
    [
      0.0,
      0.0,
      0.0,
      0.0
    ]
  ],
  "bidirected_adj_final": [
    [
      0.0,
      0.0,
      0.0,
      1.0
    ],
    [
      0.0,
      0.0,
      0.0,
      1.0
    ],
    [
      0.0,
      0.0,
      0.0,
      1.0
    ],
    [
      1.0,
      1.0,
      1.0,
      0.0
    ]
  ],
  "W_truth": [
    [
      3.4203842829130116e-06,
      1.9694161862454386e-06,
      1.2829599608140356e-06,
      6.051813676342234e-06
    ],
    [
      4.1545582068435425e-06,
      1.7493121503687363e-06,
      5.9170694329601285e-06,
      1.8686373150093452
    ],
    [
      5.009206023207353e-06,
      6.12983679845497e-06,
      7.9447015349987e-06,
      2.1636406984581796e-06
    ],
    [
      2.1322783353899864e-06,
      2.722597596328691e-06,
      1.0056347652037927e-06,
      2.3440930107724474e-06
    ]
  ],
  "Sigma_truth": [
    [
      0.9999999999999999,
      0.6757691454194757,
      0.0,
      0.0
    ],
    [
      0.6757691454194757,
      0.9999999999999999,
      0.6777117447208012,
      0.0
    ],
    [
      0.0,
      0.6777117447208012,
      0.9999999999999999,
      0.0
    ],
    [
      0.0,
      0.0,
      0.0,
      0.9999999999999999
    ]
  ],
  "admg": {
    "0": {
      "parents": [],
      "spouses": [
        1
      ]
    },
    "1": {
      "parents": [],
      "spouses": [
        0,
        2
      ]
    },
    "2": {
      "parents": [],
      "spouses": [
        1
      ]
    },
    "3": {
      "parents": [
        1
      ],
      "spouses": []
    }
  }
}