{
  "dataset_name": "result_d4_admg20_seed0_lambda0.001_lambda_corr0.1_lambda_nl8.0",
  "directed_adj_final": [
    [
      0.0,
      0.0,
      0.0,
      0.0
    ],
    [
      0.0,
      0.0,
      0.0,
      0.0
    ],
    [
      0.0,
      0.0,
      0.0,
      0.01
    ],
    [
      1.0,
      0.0,
      0.0,
      0.0
    ]
  ],
  "bidirected_adj_final": [
    [
      0.0,
      1.0,
      0.0,
      0.0
    ],
    [
      1.0,
      0.0,
      1.0,
      0.52
    ],
    [
      0.0,
      1.0,
      0.0,
      0.0
    ],
    [
      0.0,
      0.52,
      0.0,
      0.0
    ]
  ],
  "W_truth": [
    [
      7.4231467772343205e-06,
      4.4669693720781846e-06,
      3.511058962738234e-06,
      3.185452011894974e-06
    ],
    [
      2.5984348708264158e-06,
      5.446118706494962e-06,
      1.1839286238412514e-05,
      7.743755420527554e-06
    ],
    [
      2.9736741964392196e-06,
      2.558370163677866e-06,
      1.5670950477662374e-06,
      6.993312338604712e-06
    ],
    [
      3.644759186385527e-06,
      1.0455096608066747e-05,
      7.5845648106018646e-06,
      2.1945515871351377e-06
    ]
  ],
  "Sigma_truth": [
    [
      1.0,
      0.61952540157093,
      0.0,
      0.6411053504286576
    ],
    [
      0.61952540157093,
      1.0,
      0.5694619197355619,
      0.0
    ],
    [
      0.0,
      0.5694619197355619,
      1.0,
      0.0
    ],
    [
      0.6411053504286576,
      0.0,
      0.0,
      1.0
    ]
  ],
  "admg": {
    "0": {
      "parents": [],
      "spouses": [
        1,
        3
      ]
    },
    "1": {
      "parents": [],
      "spouses": [
        0,
        2
      ]
    },
    "2": {
      "parents": [],
      "spouses": [
        1
      ]
    },
    "3": {
      "parents": [],
      "spouses": [
        0
      ]
    }
  }
}