{
  "dataset_name": "result_d4_admg3_seed9_lambda0.001_lambda_corr0.1_lambda_nl8.0",
  "directed_adj_final": [
    [
      0.0,
      1.0,
      0.0,
      1.0
    ],
    [
      0.0,
      0.0,
      0.0,
      0.0
    ],
    [
      0.0,
      0.0,
      0.0,
      0.0
    ],
    [
      0.0,
      1.0,
      0.0,
      0.0
    ]
  ],
  "bidirected_adj_final": [
    [
      0.0,
      0.0,
      1.0,
      0.0
    ],
    [
      0.0,
      0.0,
      1.0,
      0.0
    ],
    [
      1.0,
      1.0,
      0.0,
      1.0
    ],
    [
      0.0,
      0.0,
      1.0,
      0.0
    ]
  ],
  "W_truth": [
    [
      4.454652792495871e-06,
      7.12714979917259e-06,
      5.538434228174397,
      7.644779011838892e-06
    ],
    [
      1.2273724236080615e-05,
      1.277957033548994e-05,
      3.6383141047455325,
      1.3166676644142958
    ],
    [
      1.469768115405762e-06,
      3.955650584819697e-06,
      3.311613226980695e-06,
      7.432515864319435e-06
    ],
    [
      1.23640641533847e-05,
      6.705629392586482e-07,
      3.4736987637255927e-06,
      1.7827602670683321e-06
    ]
  ],
  "Sigma_truth": [
    [
      1.0,
      0.40414966155428,
      0.0,
      -0.5983093172536584
    ],
    [
      0.40414966155428,
      1.0,
      0.0,
      0.0
    ],
    [
      0.0,
      0.0,
      1.0,
      0.0
    ],
    [
      -0.5983093172536584,
      0.0,
      0.0,
      1.0
    ]
  ],
  "admg": {
    "0": {
      "parents": [],
      "spouses": [
        1,
        3
      ]
    },
    "1": {
      "parents": [],
      "spouses": [
        0
      ]
    },
    "2": {
      "parents": [
        0,
        1
      ],
      "spouses": []
    },
    "3": {
      "parents": [
        1
      ],
      "spouses": [
        0
      ]
    }
  }
}