{
  "dataset_name": "result_d4_admg19_seed5_lambda0.001_lambda_corr0.1_lambda_nl8.0",
  "directed_adj_final": [
    [
      0.0,
      1.0,
      0.0,
      1.0
    ],
    [
      0.0,
      0.0,
      0.0,
      0.0
    ],
    [
      0.0,
      0.0,
      0.0,
      0.0
    ],
    [
      0.0,
      0.0,
      0.02,
      0.0
    ]
  ],
  "bidirected_adj_final": [
    [
      0.0,
      0.0,
      1.0,
      0.0
    ],
    [
      0.0,
      0.0,
      0.03,
      0.04
    ],
    [
      1.0,
      0.03,
      0.0,
      0.0
    ],
    [
      0.0,
      0.04,
      0.0,
      0.0
    ]
  ],
  "W_truth": [
    [
      1.5251961812276761e-06,
      3.8740830703923457e-07,
      0.8523155419116007,
      2.0466334288935966
    ],
    [
      6.713115924904099e-06,
      3.5701280394503146e-06,
      2.670956050476141e-06,
      4.773508955244095e-06
    ],
    [
      5.508717901880549e-07,
      2.240137190216046e-06,
      3.5015454281033824e-06,
      4.39608170845943e-06
    ],
    [
      4.652320059182958e-06,
      2.8254255543511826e-06,
      4.378554369718201e-06,
      1.8631206113000152e-06
    ]
  ],
  "Sigma_truth": [
    [
      1.0,
      0.4887972684358958,
      0.0,
      0.0
    ],
    [
      0.4887972684358958,
      1.0,
      0.0,
      0.0
    ],
    [
      0.0,
      0.0,
      1.0,
      0.0
    ],
    [
      0.0,
      0.0,
      0.0,
      1.0
    ]
  ],
  "admg": {
    "0": {
      "parents": [],
      "spouses": [
        1
      ]
    },
    "1": {
      "parents": [],
      "spouses": [
        0
      ]
    },
    "2": {
      "parents": [
        0
      ],
      "spouses": []
    },
    "3": {
      "parents": [
        0
      ],
      "spouses": []
    }
  }
}