{
  "dataset_name": "result_d4_admg23_seed5_lambda0.001_lambda_corr0.1_lambda_nl8.0",
  "directed_adj_final": [
    [
      0.0,
      0.0,
      0.0,
      1.0
    ],
    [
      0.0,
      0.0,
      0.0,
      0.0
    ],
    [
      0.0,
      0.0,
      0.0,
      0.0
    ],
    [
      0.0,
      0.0,
      0.0,
      0.0
    ]
  ],
  "bidirected_adj_final": [
    [
      0.0,
      0.03,
      1.0,
      0.0
    ],
    [
      0.03,
      0.0,
      1.0,
      0.01
    ],
    [
      1.0,
      1.0,
      0.0,
      0.04
    ],
    [
      0.0,
      0.01,
      0.04,
      0.0
    ]
  ],
  "W_truth": [
    [
      1.5251962379546117e-06,
      3.8740832988228834e-07,
      1.8687335489189657e-06,
      2.063023659723514
    ],
    [
      6.713116003146899e-06,
      3.5701280602402483e-06,
      2.4783525504792716,
      4.7838136447435685e-06
    ],
    [
      5.508717946242197e-07,
      2.2401370894313546e-06,
      3.6426111943102553e-06,
      4.430950316234016e-06
    ],
    [
      4.652320107194384e-06,
      2.8254255503574833e-06,
      3.448345931945209e-06,
      1.863005086391819e-06
    ]
  ],
  "Sigma_truth": [
    [
      1.0,
      0.0,
      0.4887972684358958,
      0.0
    ],
    [
      0.0,
      1.0,
      0.0,
      0.0
    ],
    [
      0.4887972684358958,
      0.0,
      1.0,
      0.0
    ],
    [
      0.0,
      0.0,
      0.0,
      1.0
    ]
  ],
  "admg": {
    "0": {
      "parents": [],
      "spouses": [
        2
      ]
    },
    "1": {
      "parents": [],
      "spouses": []
    },
    "2": {
      "parents": [
        1
      ],
      "spouses": [
        0
      ]
    },
    "3": {
      "parents": [
        0
      ],
      "spouses": []
    }
  }
}