{
  "dataset_name": "result_d4_admg2_seed0_lambda0.001_lambda_corr0.1_lambda_nl8.0",
  "directed_adj_final": [
    [
      0.0,
      1.0,
      0.0,
      0.0
    ],
    [
      0.0,
      0.0,
      0.0,
      0.0
    ],
    [
      0.0,
      0.0,
      0.0,
      0.0
    ],
    [
      0.0,
      0.0,
      0.0,
      0.0
    ]
  ],
  "bidirected_adj_final": [
    [
      0.0,
      0.0,
      1.0,
      0.0
    ],
    [
      0.0,
      0.0,
      0.01,
      0.01
    ],
    [
      1.0,
      0.01,
      0.0,
      1.0
    ],
    [
      0.0,
      0.01,
      1.0,
      0.0
    ]
  ],
  "W_truth": [
    [
      7.423140479879005e-06,
      2.0702112852294454,
      2.4765389955560725e-06,
      3.185451023029012e-06
    ],
    [
      2.5984327212633027e-06,
      4.626333824476981e-06,
      5.1004731402624355,
      7.743753208809017e-06
    ],
    [
      2.973674022416422e-06,
      2.447082932077451e-06,
      1.2663368227201125e-06,
      6.9933118683853965e-06
    ],
    [
      3.6447564242306493e-06,
      6.415148120874112e-06,
      3.2879057095580826e-06,
      2.19455102804838e-06
    ]
  ],
  "Sigma_truth": [
    [
      1.0,
      0.0,
      0.0,
      0.0
    ],
    [
      0.0,
      1.0,
      0.0,
      0.0
    ],
    [
      0.0,
      0.0,
      1.0,
      0.61952540157093
    ],
    [
      0.0,
      0.0,
      0.61952540157093,
      1.0
    ]
  ],
  "admg": {
    "0": {
      "parents": [],
      "spouses": []
    },
    "1": {
      "parents": [
        0
      ],
      "spouses": []
    },
    "2": {
      "parents": [
        1
      ],
      "spouses": [
        3
      ]
    },
    "3": {
      "parents": [],
      "spouses": [
        2
      ]
    }
  }
}