{
  "dataset_name": "result_d4_admg13_seed9_lambda0.001_lambda_corr0.1_lambda_nl8.0",
  "directed_adj_final": [
    [
      0.0,
      0.0,
      1.0,
      0.0
    ],
    [
      0.0,
      0.0,
      0.0,
      0.0
    ],
    [
      0.0,
      0.0,
      0.0,
      0.0
    ],
    [
      0.0,
      0.0,
      0.0,
      0.0
    ]
  ],
  "bidirected_adj_final": [
    [
      0.0,
      1.0,
      0.0,
      0.01
    ],
    [
      1.0,
      0.0,
      0.0,
      0.03
    ],
    [
      0.0,
      0.0,
      0.0,
      1.0
    ],
    [
      0.01,
      0.03,
      1.0,
      0.0
    ]
  ],
  "W_truth": [
    [
      4.454607494625336e-06,
      4.06443049930933,
      1.0627778079289582e-05,
      4.090396681360185e-06
    ],
    [
      1.2273675734794775e-05,
      7.959610092978422e-06,
      8.21645117414665e-06,
      4.167182334969036e-06
    ],
    [
      1.4698326957245162e-06,
      2.682065258544051e-06,
      6.144329701518682e-06,
      3.743338643522114
    ],
    [
      1.2364021917751108e-05,
      2.759538827630178e-06,
      6.418112419454993e-06,
      1.8490162858749834e-06
    ]
  ],
  "Sigma_truth": [
    [
      1.0,
      0.0,
      0.0,
      0.40414966155428
    ],
    [
      0.0,
      1.0,
      0.0,
      0.0
    ],
    [
      0.0,
      0.0,
      1.0,
      0.0
    ],
    [
      0.40414966155428,
      0.0,
      0.0,
      1.0
    ]
  ],
  "admg": {
    "0": {
      "parents": [],
      "spouses": [
        3
      ]
    },
    "1": {
      "parents": [
        0
      ],
      "spouses": []
    },
    "2": {
      "parents": [],
      "spouses": []
    },
    "3": {
      "parents": [
        2
      ],
      "spouses": [
        0
      ]
    }
  }
}