{
  "dataset_name": "result_d4_admg4_seed4_lambda0.001_lambda_corr0.1_lambda_nl8.0",
  "directed_adj_final": [
    [
      0.0,
      1.0,
      0.0,
      0.0
    ],
    [
      0.0,
      0.0,
      0.0,
      0.0
    ],
    [
      0.0,
      0.0,
      0.0,
      0.0
    ],
    [
      0.0,
      0.0,
      0.0,
      0.0
    ]
  ],
  "bidirected_adj_final": [
    [
      0.0,
      0.0,
      0.0,
      1.0
    ],
    [
      0.0,
      0.0,
      0.01,
      1.0
    ],
    [
      0.0,
      0.01,
      0.0,
      1.0
    ],
    [
      1.0,
      1.0,
      1.0,
      0.0
    ]
  ],
  "W_truth": [
    [
      3.4203841075743976e-06,
      1.9694161708411356e-06,
      1.2829599767932782e-06,
      4.838817650371431e-06
    ],
    [
      4.1545582909682375e-06,
      1.7493123918993115e-06,
      5.9170693626847e-06,
      1.33820413575382
    ],
    [
      5.0092061672126665e-06,
      6.129836622287509e-06,
      7.944701653416382e-06,
      1.715119196834557
    ],
    [
      2.132278281108386e-06,
      2.722597655353409e-06,
      1.0056347425387549e-06,
      2.3274008973971794e-06
    ]
  ],
  "Sigma_truth": [
    [
      0.9999999999999999,
      0.6757691454194757,
      0.0,
      0.6777117447208012
    ],
    [
      0.6757691454194757,
      0.9999999999999999,
      0.0,
      0.0
    ],
    [
      0.0,
      0.0,
      0.9999999999999999,
      0.0
    ],
    [
      0.6777117447208012,
      0.0,
      0.0,
      0.9999999999999999
    ]
  ],
  "admg": {
    "0": {
      "parents": [],
      "spouses": [
        1,
        3
      ]
    },
    "1": {
      "parents": [],
      "spouses": [
        0
      ]
    },
    "2": {
      "parents": [],
      "spouses": []
    },
    "3": {
      "parents": [
        1,
        2
      ],
      "spouses": [
        0
      ]
    }
  }
}