{
  "dataset_name": "result_d4_admg3_seed0_lambda0.001_lambda_corr0.1_lambda_nl8.0",
  "directed_adj_final": [
    [
      0.0,
      1.0,
      0.0,
      0.0
    ],
    [
      0.0,
      0.0,
      0.0,
      1.0
    ],
    [
      0.0,
      0.0,
      0.0,
      0.01
    ],
    [
      0.0,
      0.0,
      0.0,
      0.0
    ]
  ],
  "bidirected_adj_final": [
    [
      0.0,
      0.0,
      0.03,
      1.0
    ],
    [
      0.0,
      0.0,
      1.0,
      0.0
    ],
    [
      0.03,
      1.0,
      0.0,
      0.01
    ],
    [
      1.0,
      0.0,
      0.01,
      0.0
    ]
  ],
  "W_truth": [
    [
      7.423144984799344e-06,
      4.466980286569974e-06,
      2.0576155621746888,
      1.7349432087702953e-06
    ],
    [
      2.59844158750871e-06,
      5.44610361479052e-06,
      5.844502991020446,
      4.090339948901254
    ],
    [
      2.973673474966217e-06,
      2.5583598971714213e-06,
      7.689929180543726e-07,
      6.230152523831716e-06
    ],
    [
      3.6447661765783604e-06,
      1.0455098704720875e-05,
      3.5389856387909857e-06,
      1.5124608536513072e-06
    ]
  ],
  "Sigma_truth": [
    [
      1.0,
      0.61952540157093,
      0.0,
      0.6411053504286576
    ],
    [
      0.61952540157093,
      1.0,
      0.0,
      0.0
    ],
    [
      0.0,
      0.0,
      1.0,
      0.0
    ],
    [
      0.6411053504286576,
      0.0,
      0.0,
      1.0
    ]
  ],
  "admg": {
    "0": {
      "parents": [],
      "spouses": [
        1,
        3
      ]
    },
    "1": {
      "parents": [],
      "spouses": [
        0
      ]
    },
    "2": {
      "parents": [
        0,
        1
      ],
      "spouses": []
    },
    "3": {
      "parents": [
        1
      ],
      "spouses": [
        0
      ]
    }
  }
}