{
  "dataset_name": "result_d4_admg7_seed2_lambda0.001_lambda_corr0.1_lambda_nl8.0",
  "directed_adj_final": [
    [
      0.0,
      0.0,
      0.0,
      0.0
    ],
    [
      0.99,
      0.0,
      1.0,
      0.0
    ],
    [
      1.0,
      0.0,
      0.0,
      0.0
    ],
    [
      0.0,
      0.0,
      0.03,
      0.0
    ]
  ],
  "bidirected_adj_final": [
    [
      0.0,
      0.0,
      0.0,
      0.68
    ],
    [
      0.0,
      0.0,
      0.0,
      1.0
    ],
    [
      0.0,
      0.0,
      0.0,
      0.01
    ],
    [
      0.68,
      1.0,
      0.01,
      0.0
    ]
  ],
  "W_truth": [
    [
      7.71982329435313e-08,
      3.267512806465448e-06,
      3.3932233600688765e-06,
      4.849881810976431e-06
    ],
    [
      6.822320665629238e-06,
      5.306905692259859e-06,
      1.057371544966089e-06,
      2.932833311071172
    ],
    [
      3.677928271830378e-07,
      9.482149674676448e-06,
      9.53090824604718e-06,
      4.795120128879095e-06
    ],
    [
      1.195908337325047e-06,
      6.683336382372851e-06,
      1.493807824113391e-06,
      2.1956379645558436e-06
    ]
  ],
  "Sigma_truth": [
    [
      1.0,
      -0.5743979608568015,
      0.0,
      0.0
    ],
    [
      -0.5743979608568015,
      1.0,
      -0.6198649911514837,
      0.0
    ],
    [
      0.0,
      -0.6198649911514837,
      1.0,
      0.0
    ],
    [
      0.0,
      0.0,
      0.0,
      1.0
    ]
  ],
  "admg": {
    "0": {
      "parents": [],
      "spouses": [
        1
      ]
    },
    "1": {
      "parents": [],
      "spouses": [
        0,
        2
      ]
    },
    "2": {
      "parents": [],
      "spouses": [
        1
      ]
    },
    "3": {
      "parents": [
        1
      ],
      "spouses": []
    }
  }
}