{
  "dataset_name": "result_d4_admg4_seed3_lambda0.001_lambda_corr0.1_lambda_nl8.0",
  "directed_adj_final": [
    [
      0.0,
      0.0,
      0.0,
      0.0
    ],
    [
      1.0,
      0.0,
      0.0,
      0.0
    ],
    [
      0.0,
      0.02,
      0.0,
      0.0
    ],
    [
      0.01,
      0.0,
      0.01,
      0.0
    ]
  ],
  "bidirected_adj_final": [
    [
      0.0,
      0.0,
      0.0,
      1.0
    ],
    [
      0.0,
      0.0,
      0.0,
      1.0
    ],
    [
      0.0,
      0.0,
      0.0,
      1.0
    ],
    [
      1.0,
      1.0,
      1.0,
      0.0
    ]
  ],
  "W_truth": [
    [
      2.8579412802023325e-07,
      1.923085822915555e-07,
      3.4222063217713806e-06,
      2.5038359016949145e-06
    ],
    [
      2.165626496162737e-06,
      9.609709795712246e-06,
      3.5914944866146375e-06,
      1.3978581330069548
    ],
    [
      3.380175684636027e-06,
      6.489367390332692e-06,
      2.2338545171669735e-06,
      1.6429767558478119
    ],
    [
      3.3428483062160185e-07,
      1.1028433048438797e-05,
      4.15839100543317e-06,
      3.1946520237524734e-06
    ]
  ],
  "Sigma_truth": [
    [
      1.0,
      0.6203191610298302,
      0.0,
      0.5163618955651778
    ],
    [
      0.6203191610298302,
      1.0,
      0.0,
      0.0
    ],
    [
      0.0,
      0.0,
      1.0,
      0.0
    ],
    [
      0.5163618955651778,
      0.0,
      0.0,
      1.0
    ]
  ],
  "admg": {
    "0": {
      "parents": [],
      "spouses": [
        1,
        3
      ]
    },
    "1": {
      "parents": [],
      "spouses": [
        0
      ]
    },
    "2": {
      "parents": [],
      "spouses": []
    },
    "3": {
      "parents": [
        1,
        2
      ],
      "spouses": [
        0
      ]
    }
  }
}