{
  "dataset_name": "result_d4_admg2_seed7_lambda0.001_lambda_corr0.1_lambda_nl8.0",
  "directed_adj_final": [
    [
      0.0,
      0.0,
      0.01,
      0.0
    ],
    [
      0.0,
      0.0,
      0.0,
      0.0
    ],
    [
      0.0,
      0.0,
      0.0,
      1.0
    ],
    [
      0.0,
      0.0,
      0.0,
      0.0
    ]
  ],
  "bidirected_adj_final": [
    [
      0.0,
      1.0,
      0.0,
      0.0
    ],
    [
      1.0,
      0.0,
      0.78,
      0.03
    ],
    [
      0.0,
      0.78,
      0.0,
      0.0
    ],
    [
      0.0,
      0.03,
      0.0,
      0.0
    ]
  ],
  "W_truth": [
    [
      7.630350650814751e-07,
      1.5006871425622863,
      2.139405012912421e-08,
      1.6084007015155627e-06
    ],
    [
      1.476672053855882e-05,
      1.3195754451897508e-06,
      0.013914466429902421,
      7.295435416181849e-06
    ],
    [
      3.844421560078273e-06,
      2.596755270244751e-06,
      2.7960319026703984e-08,
      2.6437824883607793e-06
    ],
    [
      6.2327060003973485e-06,
      3.1411842615802193e-06,
      1.1658394365902891e-08,
      1.803810020584787e-07
    ]
  ],
  "Sigma_truth": [
    [
      1.0,
      0.0,
      0.0,
      0.0
    ],
    [
      0.0,
      1.0,
      0.0,
      0.0
    ],
    [
      0.0,
      0.0,
      1.0,
      0.4305233157495829
    ],
    [
      0.0,
      0.0,
      0.4305233157495829,
      1.0
    ]
  ],
  "admg": {
    "0": {
      "parents": [],
      "spouses": []
    },
    "1": {
      "parents": [
        0
      ],
      "spouses": []
    },
    "2": {
      "parents": [
        1
      ],
      "spouses": [
        3
      ]
    },
    "3": {
      "parents": [],
      "spouses": [
        2
      ]
    }
  }
}