{
  "dataset_name": "result_d4_admg17_seed5_lambda0.001_lambda_corr0.1_lambda_nl8.0",
  "directed_adj_final": [
    [
      0.0,
      1.0,
      0.0,
      1.0
    ],
    [
      0.0,
      0.0,
      0.0,
      1.0
    ],
    [
      0.0,
      0.0,
      0.0,
      0.0
    ],
    [
      0.0,
      0.0,
      0.0,
      0.0
    ]
  ],
  "bidirected_adj_final": [
    [
      0.0,
      0.0,
      1.0,
      0.0
    ],
    [
      0.0,
      0.0,
      1.0,
      0.0
    ],
    [
      1.0,
      1.0,
      0.0,
      0.68
    ],
    [
      0.0,
      0.0,
      0.68,
      0.0
    ]
  ],
  "W_truth": [
    [
      1.5251917318867118e-06,
      3.87404882442777e-07,
      0.8523378654905506,
      1.578117927562966
    ],
    [
      6.713113359782089e-06,
      3.5701351464623772e-06,
      2.6806097094629892e-06,
      1.0362306496077589e-06
    ],
    [
      5.508794856015639e-07,
      2.2401414861962273e-06,
      3.5127437930833144e-06,
      0.37501334907745415
    ],
    [
      4.6523150986555805e-06,
      2.825437642331418e-06,
      4.395972190308882e-06,
      9.396419813635642e-07
    ]
  ],
  "Sigma_truth": [
    [
      1.0,
      0.0,
      0.0,
      0.0
    ],
    [
      0.0,
      1.0,
      0.4887972684358958,
      0.4826876621357706
    ],
    [
      0.0,
      0.4887972684358958,
      1.0,
      0.0
    ],
    [
      0.0,
      0.4826876621357706,
      0.0,
      1.0
    ]
  ],
  "admg": {
    "0": {
      "parents": [],
      "spouses": []
    },
    "1": {
      "parents": [],
      "spouses": [
        2,
        3
      ]
    },
    "2": {
      "parents": [
        0
      ],
      "spouses": [
        1
      ]
    },
    "3": {
      "parents": [
        0,
        2
      ],
      "spouses": [
        1
      ]
    }
  }
}