{
  "dataset_name": "result_d4_admg2_seed6_lambda0.001_lambda_corr0.1_lambda_nl8.0",
  "directed_adj_final": [
    [
      0.0,
      0.0,
      0.0,
      0.0
    ],
    [
      0.0,
      0.0,
      1.0,
      0.0
    ],
    [
      0.0,
      0.0,
      0.0,
      0.0
    ],
    [
      0.0,
      0.01,
      0.0,
      0.0
    ]
  ],
  "bidirected_adj_final": [
    [
      0.0,
      1.0,
      0.02,
      0.0
    ],
    [
      1.0,
      0.0,
      0.0,
      0.0
    ],
    [
      0.02,
      0.0,
      0.0,
      1.0
    ],
    [
      0.0,
      0.0,
      1.0,
      0.0
    ]
  ],
  "W_truth": [
    [
      5.363513467093254e-06,
      3.722739352957526,
      2.478489394233395e-06,
      2.831927942716166e-07
    ],
    [
      1.080524805029048e-05,
      2.3009610239169426e-06,
      0.9541351333609527,
      2.742759939596546e-06
    ],
    [
      5.403419661343754e-06,
      2.6634312433039003e-06,
      2.6406345342720143e-06,
      5.734155964166088e-07
    ],
    [
      5.4115721422080744e-06,
      3.5488907130188695e-06,
      2.3986433138452255e-06,
      4.363930974458204e-06
    ]
  ],
  "Sigma_truth": [
    [
      1.0,
      0.0,
      0.0,
      0.0
    ],
    [
      0.0,
      1.0,
      0.0,
      0.0
    ],
    [
      0.0,
      0.0,
      1.0,
      -0.7571440605744006
    ],
    [
      0.0,
      0.0,
      -0.7571440605744006,
      1.0
    ]
  ],
  "admg": {
    "0": {
      "parents": [],
      "spouses": []
    },
    "1": {
      "parents": [
        0
      ],
      "spouses": []
    },
    "2": {
      "parents": [
        1
      ],
      "spouses": [
        3
      ]
    },
    "3": {
      "parents": [],
      "spouses": [
        2
      ]
    }
  }
}