{
  "dataset_name": "result_d4_admg13_seed7_lambda0.001_lambda_corr0.1_lambda_nl8.0",
  "directed_adj_final": [
    [
      0.0,
      1.0,
      0.0,
      0.0
    ],
    [
      0.0,
      0.0,
      0.0,
      0.0
    ],
    [
      0.0,
      0.01,
      0.0,
      0.0
    ],
    [
      0.0,
      0.0,
      0.0,
      0.0
    ]
  ],
  "bidirected_adj_final": [
    [
      0.0,
      0.0,
      0.01,
      1.0
    ],
    [
      0.0,
      0.0,
      0.0,
      0.01
    ],
    [
      0.01,
      0.0,
      0.0,
      1.0
    ],
    [
      1.0,
      0.01,
      1.0,
      0.0
    ]
  ],
  "W_truth": [
    [
      7.629975089030046e-07,
      1.5277744515089657,
      5.057505294274694e-06,
      2.834879670834852e-06
    ],
    [
      1.4766748045189542e-05,
      1.3093654317149131e-06,
      2.7171068941312427e-06,
      5.570102598074859e-06
    ],
    [
      3.844400345330859e-06,
      2.6084595858104017e-06,
      9.04324383097783e-06,
      1.7767246290112417
    ],
    [
      6.232740143742926e-06,
      3.1538291467980285e-06,
      7.639710172064816e-08,
      4.0070893431005015e-07
    ]
  ],
  "Sigma_truth": [
    [
      1.0,
      0.0,
      0.0,
      0.4305233157495829
    ],
    [
      0.0,
      1.0,
      0.0,
      0.0
    ],
    [
      0.0,
      0.0,
      1.0,
      0.0
    ],
    [
      0.4305233157495829,
      0.0,
      0.0,
      1.0
    ]
  ],
  "admg": {
    "0": {
      "parents": [],
      "spouses": [
        3
      ]
    },
    "1": {
      "parents": [
        0
      ],
      "spouses": []
    },
    "2": {
      "parents": [],
      "spouses": []
    },
    "3": {
      "parents": [
        2
      ],
      "spouses": [
        0
      ]
    }
  }
}