{
  "dataset_name": "result_d4_admg13_seed1_lambda0.001_lambda_corr0.1_lambda_nl8.0",
  "directed_adj_final": [
    [
      0.0,
      1.0,
      0.0,
      1.0
    ],
    [
      0.0,
      0.0,
      0.0,
      0.0
    ],
    [
      0.02,
      0.0,
      0.0,
      0.0
    ],
    [
      0.0,
      0.0,
      0.0,
      0.0
    ]
  ],
  "bidirected_adj_final": [
    [
      0.0,
      0.0,
      0.0,
      0.0
    ],
    [
      0.0,
      0.0,
      0.03,
      0.02
    ],
    [
      0.0,
      0.03,
      0.0,
      1.0
    ],
    [
      0.0,
      0.02,
      1.0,
      0.0
    ]
  ],
  "W_truth": [
    [
      1.3946028825401225e-06,
      0.664539760736371,
      8.666149688655537e-06,
      1.0700719712601913e-05
    ],
    [
      1.6727053886348719e-06,
      5.821934248104945e-07,
      3.1090370101339063e-07,
      2.8402422667188927e-06
    ],
    [
      5.76619620875057e-06,
      2.9550695069310866e-06,
      5.8342461372404235e-06,
      2.243903648319473
    ],
    [
      9.909009093187003e-06,
      6.029436216619988e-07,
      4.430401887873655e-06,
      4.540092666575753e-06
    ]
  ],
  "Sigma_truth": [
    [
      1.0,
      0.0,
      0.0,
      0.5668088018810297
    ],
    [
      0.0,
      1.0,
      0.0,
      0.0
    ],
    [
      0.0,
      0.0,
      1.0,
      0.0
    ],
    [
      0.5668088018810297,
      0.0,
      0.0,
      1.0
    ]
  ],
  "admg": {
    "0": {
      "parents": [],
      "spouses": [
        3
      ]
    },
    "1": {
      "parents": [
        0
      ],
      "spouses": []
    },
    "2": {
      "parents": [],
      "spouses": []
    },
    "3": {
      "parents": [
        2
      ],
      "spouses": [
        0
      ]
    }
  }
}