{
  "dataset_name": "result_d4_admg13_seed5_lambda0.001_lambda_corr0.1_lambda_nl8.0",
  "directed_adj_final": [
    [
      0.0,
      0.0,
      0.0,
      0.0
    ],
    [
      0.0,
      0.0,
      0.0,
      0.0
    ],
    [
      0.0,
      0.0,
      0.0,
      0.0
    ],
    [
      0.0,
      0.0,
      0.0,
      0.0
    ]
  ],
  "bidirected_adj_final": [
    [
      0.0,
      1.0,
      0.02,
      0.06
    ],
    [
      1.0,
      0.0,
      0.0,
      0.0
    ],
    [
      0.02,
      0.0,
      0.0,
      0.73
    ],
    [
      0.06,
      0.0,
      0.73,
      0.0
    ]
  ],
  "W_truth": [
    [
      1.525205484768268e-06,
      1.0319623091341763,
      1.7272664729042692e-06,
      2.0716417448432035e-06
    ],
    [
      6.713123195780259e-06,
      2.595012985091405e-06,
      4.797394375182441e-06,
      2.9846383955854516e-06
    ],
    [
      5.508626473510563e-07,
      1.4484094116092265e-06,
      6.491752598858336e-06,
      4.3700293106321
    ],
    [
      4.6523286331250995e-06,
      2.4799387575632846e-06,
      5.287960630662422e-06,
      8.689078575023763e-07
    ]
  ],
  "Sigma_truth": [
    [
      1.0,
      0.0,
      0.0,
      0.4887972684358958
    ],
    [
      0.0,
      1.0,
      0.0,
      0.0
    ],
    [
      0.0,
      0.0,
      1.0,
      0.0
    ],
    [
      0.4887972684358958,
      0.0,
      0.0,
      1.0
    ]
  ],
  "admg": {
    "0": {
      "parents": [],
      "spouses": [
        3
      ]
    },
    "1": {
      "parents": [
        0
      ],
      "spouses": []
    },
    "2": {
      "parents": [],
      "spouses": []
    },
    "3": {
      "parents": [
        2
      ],
      "spouses": [
        0
      ]
    }
  }
}