{
  "dataset_name": "result_d4_admg12_seed1_lambda0.001_lambda_corr0.1_lambda_nl8.0",
  "directed_adj_final": [
    [
      0.0,
      0.0,
      0.0,
      1.0
    ],
    [
      0.02,
      0.0,
      1.0,
      0.0
    ],
    [
      0.0,
      0.0,
      0.0,
      1.0
    ],
    [
      0.0,
      0.0,
      0.0,
      0.0
    ]
  ],
  "bidirected_adj_final": [
    [
      0.0,
      0.0,
      1.0,
      0.0
    ],
    [
      0.0,
      0.0,
      0.0,
      1.0
    ],
    [
      1.0,
      0.0,
      0.0,
      0.0
    ],
    [
      0.0,
      1.0,
      0.0,
      0.0
    ]
  ],
  "W_truth": [
    [
      1.394594664388459e-06,
      1.0370607171799525e-06,
      4.328093498566547,
      9.831634068825212e-06
    ],
    [
      1.67267006239497e-06,
      4.495907822332846e-07,
      7.203678520051043e-07,
      2.9785798749830357
    ],
    [
      5.766161359608502e-06,
      3.334309618573917e-06,
      2.6829650041187825e-06,
      1.5702939083311532e-06
    ],
    [
      9.909010605228502e-06,
      4.4123407480395274e-07,
      3.2001009720993004e-06,
      2.888661377877015e-06
    ]
  ],
  "Sigma_truth": [
    [
      1.0,
      0.0,
      0.0,
      0.0
    ],
    [
      0.0,
      1.0,
      0.5668088018810297,
      0.0
    ],
    [
      0.0,
      0.5668088018810297,
      1.0,
      -0.400045749926938
    ],
    [
      0.0,
      0.0,
      -0.400045749926938,
      1.0
    ]
  ],
  "admg": {
    "0": {
      "parents": [],
      "spouses": []
    },
    "1": {
      "parents": [],
      "spouses": [
        2
      ]
    },
    "2": {
      "parents": [
        0
      ],
      "spouses": [
        1,
        3
      ]
    },
    "3": {
      "parents": [
        1
      ],
      "spouses": [
        2
      ]
    }
  }
}