{
  "dataset_name": "result_d4_admg23_seed0_lambda0.001_lambda_corr0.1_lambda_nl8.0",
  "directed_adj_final": [
    [
      0.0,
      0.0,
      0.0,
      0.0
    ],
    [
      0.0,
      0.0,
      0.0,
      0.0
    ],
    [
      0.0,
      0.0,
      0.0,
      0.0
    ],
    [
      1.0,
      0.0,
      0.0,
      0.0
    ]
  ],
  "bidirected_adj_final": [
    [
      0.0,
      0.01,
      1.0,
      0.0
    ],
    [
      0.01,
      0.0,
      1.0,
      1.0
    ],
    [
      1.0,
      1.0,
      0.0,
      0.0
    ],
    [
      0.0,
      1.0,
      0.0,
      0.0
    ]
  ],
  "W_truth": [
    [
      7.4231446912218554e-06,
      4.466980095524421e-06,
      2.8310886275367997e-06,
      1.800234174077674
    ],
    [
      2.5984412438213477e-06,
      5.44610352442167e-06,
      6.616150358181999,
      3.8699119308356385e-06
    ],
    [
      2.9736734827574543e-06,
      2.5583600624660355e-06,
      1.1991060250050666e-06,
      5.347967876733742e-06
    ],
    [
      3.644765811755398e-06,
      1.0455098790338046e-05,
      4.2175468265563855e-06,
      1.2802308813614888e-06
    ]
  ],
  "Sigma_truth": [
    [
      1.0,
      0.0,
      0.61952540157093,
      0.0
    ],
    [
      0.0,
      1.0,
      0.0,
      0.0
    ],
    [
      0.61952540157093,
      0.0,
      1.0,
      0.0
    ],
    [
      0.0,
      0.0,
      0.0,
      1.0
    ]
  ],
  "admg": {
    "0": {
      "parents": [],
      "spouses": [
        2
      ]
    },
    "1": {
      "parents": [],
      "spouses": []
    },
    "2": {
      "parents": [
        1
      ],
      "spouses": [
        0
      ]
    },
    "3": {
      "parents": [
        0
      ],
      "spouses": []
    }
  }
}