{
  "dataset_name": "result_d4_admg3_seed3_lambda0.001_lambda_corr0.1_lambda_nl8.0",
  "directed_adj_final": [
    [
      0.0,
      0.0,
      0.0,
      1.0
    ],
    [
      1.0,
      0.0,
      0.0,
      1.0
    ],
    [
      0.0,
      0.0,
      0.0,
      0.0
    ],
    [
      0.0,
      0.0,
      0.01,
      0.0
    ]
  ],
  "bidirected_adj_final": [
    [
      0.0,
      0.0,
      1.0,
      0.0
    ],
    [
      0.0,
      0.0,
      1.0,
      0.0
    ],
    [
      1.0,
      1.0,
      0.0,
      0.04
    ],
    [
      0.0,
      0.0,
      0.04,
      0.0
    ]
  ],
  "W_truth": [
    [
      2.8579558854175313e-07,
      1.9230581328508526e-07,
      2.6589434493801702,
      2.7392701971021225e-06
    ],
    [
      2.1656245379965517e-06,
      9.609704232974276e-06,
      1.9713692492323014,
      1.4939815650910837
    ],
    [
      3.380164484197453e-06,
      6.489368410722704e-06,
      1.90815873392909e-06,
      2.005455904035851e-06
    ],
    [
      3.3429464034800794e-07,
      1.1028439953760887e-05,
      2.766796939652398e-06,
      3.810733468542509e-06
    ]
  ],
  "Sigma_truth": [
    [
      1.0,
      0.6203191610298302,
      0.0,
      0.5163618955651778
    ],
    [
      0.6203191610298302,
      1.0,
      0.0,
      0.0
    ],
    [
      0.0,
      0.0,
      1.0,
      0.0
    ],
    [
      0.5163618955651778,
      0.0,
      0.0,
      1.0
    ]
  ],
  "admg": {
    "0": {
      "parents": [],
      "spouses": [
        1,
        3
      ]
    },
    "1": {
      "parents": [],
      "spouses": [
        0
      ]
    },
    "2": {
      "parents": [
        0,
        1
      ],
      "spouses": []
    },
    "3": {
      "parents": [
        1
      ],
      "spouses": [
        0
      ]
    }
  }
}