{
  "dataset_name": "result_d4_admg3_seed1_lambda0.001_lambda_corr0.1_lambda_nl8.0",
  "directed_adj_final": [
    [
      0.0,
      1.0,
      0.0,
      0.0
    ],
    [
      0.0,
      0.0,
      0.0,
      0.0
    ],
    [
      0.0,
      0.0,
      0.0,
      1.0
    ],
    [
      1.0,
      0.0,
      0.0,
      0.0
    ]
  ],
  "bidirected_adj_final": [
    [
      0.0,
      0.0,
      1.0,
      0.0
    ],
    [
      0.0,
      0.0,
      0.0,
      1.0
    ],
    [
      1.0,
      0.0,
      0.0,
      0.0
    ],
    [
      0.0,
      1.0,
      0.0,
      0.0
    ]
  ],
  "W_truth": [
    [
      1.3945945846432332e-06,
      1.0370607432110029e-06,
      3.4836946144370016,
      9.79082072086662e-06
    ],
    [
      1.6726706896436931e-06,
      4.495908956588306e-07,
      1.672611625950488,
      2.977204412853984
    ],
    [
      5.766162286376203e-06,
      3.33430946413738e-06,
      3.617847220699978e-06,
      1.5590927989243928e-06
    ],
    [
      9.909010871448714e-06,
      4.412339090084214e-07,
      2.5028411965665557e-06,
      2.8957511081526434e-06
    ]
  ],
  "Sigma_truth": [
    [
      1.0,
      0.5668088018810297,
      0.0,
      -0.400045749926938
    ],
    [
      0.5668088018810297,
      1.0,
      0.0,
      0.0
    ],
    [
      0.0,
      0.0,
      1.0,
      0.0
    ],
    [
      -0.400045749926938,
      0.0,
      0.0,
      1.0
    ]
  ],
  "admg": {
    "0": {
      "parents": [],
      "spouses": [
        1,
        3
      ]
    },
    "1": {
      "parents": [],
      "spouses": [
        0
      ]
    },
    "2": {
      "parents": [
        0,
        1
      ],
      "spouses": []
    },
    "3": {
      "parents": [
        1
      ],
      "spouses": [
        0
      ]
    }
  }
}