{
  "dataset_name": "result_d4_admg23_seed2_lambda0.001_lambda_corr0.1_lambda_nl8.0",
  "directed_adj_final": [
    [
      0.0,
      0.01,
      0.0,
      0.0
    ],
    [
      0.01,
      0.0,
      0.0,
      0.0
    ],
    [
      1.0,
      0.04,
      0.0,
      0.0
    ],
    [
      0.0,
      0.0,
      0.0,
      0.0
    ]
  ],
  "bidirected_adj_final": [
    [
      0.0,
      0.0,
      0.0,
      1.0
    ],
    [
      0.0,
      0.0,
      0.0,
      0.94
    ],
    [
      0.0,
      0.0,
      0.0,
      1.0
    ],
    [
      1.0,
      0.94,
      1.0,
      0.0
    ]
  ],
  "W_truth": [
    [
      7.719943497668571e-08,
      3.267512139098422e-06,
      1.5727652545505042e-06,
      3.585758047016027
    ],
    [
      6.82232011317972e-06,
      5.306905377843733e-06,
      0.5783554166124808,
      3.418592407512977e-06
    ],
    [
      3.6779369802200116e-07,
      9.482149272076108e-06,
      5.431675235493953e-06,
      4.415939562506174e-06
    ],
    [
      1.1959097916691773e-06,
      6.683336064954457e-06,
      6.273347640606231e-07,
      2.0818190702803138e-06
    ]
  ],
  "Sigma_truth": [
    [
      1.0,
      0.0,
      -0.5743979608568015,
      0.0
    ],
    [
      0.0,
      1.0,
      0.0,
      0.0
    ],
    [
      -0.5743979608568015,
      0.0,
      1.0,
      0.0
    ],
    [
      0.0,
      0.0,
      0.0,
      1.0
    ]
  ],
  "admg": {
    "0": {
      "parents": [],
      "spouses": [
        2
      ]
    },
    "1": {
      "parents": [],
      "spouses": []
    },
    "2": {
      "parents": [
        1
      ],
      "spouses": [
        0
      ]
    },
    "3": {
      "parents": [
        0
      ],
      "spouses": []
    }
  }
}