{
  "dataset_name": "result_d4_admg23_seed7_lambda0.001_lambda_corr0.1_lambda_nl8.0",
  "directed_adj_final": [
    [
      0.0,
      0.0,
      0.0,
      0.0
    ],
    [
      0.01,
      0.0,
      0.96,
      0.0
    ],
    [
      0.0,
      0.0,
      0.0,
      0.0
    ],
    [
      0.0,
      0.0,
      0.0,
      0.0
    ]
  ],
  "bidirected_adj_final": [
    [
      0.0,
      0.0,
      0.0,
      1.0
    ],
    [
      0.0,
      0.0,
      0.0,
      0.02
    ],
    [
      0.0,
      0.0,
      0.0,
      0.0
    ],
    [
      1.0,
      0.02,
      0.0,
      0.0
    ]
  ],
  "W_truth": [
    [
      7.629718721384442e-07,
      3.3237357128459818e-06,
      2.6926205605788897e-06,
      1.4585376167867241
    ],
    [
      1.4766789891602195e-05,
      1.1493934722269572e-07,
      2.296780324526093,
      4.402588549543607e-06
    ],
    [
      3.84435052484851e-06,
      3.384696151317232e-06,
      5.227881618164621e-06,
      1.335916320618946e-06
    ],
    [
      6.232783153648272e-06,
      4.302218077849681e-06,
      3.3439117717853686e-07,
      2.4304110244469247e-07
    ]
  ],
  "Sigma_truth": [
    [
      1.0,
      0.0,
      0.4305233157495829,
      0.0
    ],
    [
      0.0,
      1.0,
      0.0,
      0.0
    ],
    [
      0.4305233157495829,
      0.0,
      1.0,
      0.0
    ],
    [
      0.0,
      0.0,
      0.0,
      1.0
    ]
  ],
  "admg": {
    "0": {
      "parents": [],
      "spouses": [
        2
      ]
    },
    "1": {
      "parents": [],
      "spouses": []
    },
    "2": {
      "parents": [
        1
      ],
      "spouses": [
        0
      ]
    },
    "3": {
      "parents": [
        0
      ],
      "spouses": []
    }
  }
}