{
  "dataset_name": "result_d4_admg20_seed4_lambda0.001_lambda_corr0.1_lambda_nl8.0",
  "directed_adj_final": [
    [
      0.0,
      1.0,
      1.0,
      0.0
    ],
    [
      0.0,
      0.0,
      0.0,
      0.0
    ],
    [
      0.0,
      0.0,
      0.0,
      0.01
    ],
    [
      0.0,
      1.0,
      0.0,
      0.0
    ]
  ],
  "bidirected_adj_final": [
    [
      0.0,
      0.0,
      0.0,
      1.0
    ],
    [
      0.0,
      0.0,
      1.0,
      0.0
    ],
    [
      0.0,
      1.0,
      0.0,
      0.0
    ],
    [
      1.0,
      0.0,
      0.0,
      0.0
    ]
  ],
  "W_truth": [
    [
      3.420386822020904e-06,
      1.969416658694028e-06,
      1.2829597743136656e-06,
      7.337248606231683e-06
    ],
    [
      4.1545563232171395e-06,
      1.7493068715203655e-06,
      5.917070890417728e-06,
      3.300914592501561e-06
    ],
    [
      5.009202977132222e-06,
      6.129839930020336e-06,
      7.944699386117891e-06,
      2.0787422025783847e-06
    ],
    [
      2.1322795826489964e-06,
      2.7225964009506946e-06,
      1.0056354409425467e-06,
      2.639685976398923e-06
    ]
  ],
  "Sigma_truth": [
    [
      1.0,
      0.614656183638482,
      0.0,
      0.6164231046069589
    ],
    [
      0.614656183638482,
      1.0,
      -0.5305051806958119,
      0.0
    ],
    [
      0.0,
      -0.5305051806958119,
      1.0,
      0.0
    ],
    [
      0.6164231046069589,
      0.0,
      0.0,
      1.0
    ]
  ],
  "admg": {
    "0": {
      "parents": [],
      "spouses": [
        1,
        3
      ]
    },
    "1": {
      "parents": [],
      "spouses": [
        0,
        2
      ]
    },
    "2": {
      "parents": [],
      "spouses": [
        1
      ]
    },
    "3": {
      "parents": [],
      "spouses": [
        0
      ]
    }
  }
}