{
  "dataset_name": "result_d4_admg19_seed2_lambda0.001_lambda_corr0.1_lambda_nl8.0",
  "directed_adj_final": [
    [
      0.0,
      1.0,
      1.0,
      0.0
    ],
    [
      0.0,
      0.0,
      0.0,
      0.0
    ],
    [
      0.0,
      1.0,
      0.0,
      0.0
    ],
    [
      0.0,
      0.0,
      0.0,
      0.0
    ]
  ],
  "bidirected_adj_final": [
    [
      0.0,
      0.0,
      0.0,
      1.0
    ],
    [
      0.0,
      0.0,
      0.0,
      0.09
    ],
    [
      0.0,
      0.0,
      0.0,
      0.15
    ],
    [
      1.0,
      0.09,
      0.15,
      0.0
    ]
  ],
  "W_truth": [
    [
      7.719968270733621e-08,
      3.2675120493673498e-06,
      1.6061926393041734,
      3.5857549841118836
    ],
    [
      6.822320106329692e-06,
      5.3069053881817195e-06,
      2.213657540621474e-06,
      3.4185927049369417e-06
    ],
    [
      3.677937071811577e-07,
      9.48214917299907e-06,
      6.611610720405805e-06,
      4.415936726525678e-06
    ],
    [
      1.1959099350200522e-06,
      6.683336032948621e-06,
      2.822953202939671e-06,
      2.081819943146201e-06
    ]
  ],
  "Sigma_truth": [
    [
      1.0,
      -0.5743979608568015,
      0.0,
      0.0
    ],
    [
      -0.5743979608568015,
      1.0,
      0.0,
      0.0
    ],
    [
      0.0,
      0.0,
      1.0,
      0.0
    ],
    [
      0.0,
      0.0,
      0.0,
      1.0
    ]
  ],
  "admg": {
    "0": {
      "parents": [],
      "spouses": [
        1
      ]
    },
    "1": {
      "parents": [],
      "spouses": [
        0
      ]
    },
    "2": {
      "parents": [
        0
      ],
      "spouses": []
    },
    "3": {
      "parents": [
        0
      ],
      "spouses": []
    }
  }
}