{
  "dataset_name": "result_d4_admg4_seed8_lambda0.001_lambda_corr0.1_lambda_nl8.0",
  "directed_adj_final": [
    [
      0.0,
      1.0,
      0.0,
      0.0
    ],
    [
      0.0,
      0.0,
      0.0,
      0.0
    ],
    [
      0.0,
      0.0,
      0.0,
      0.0
    ],
    [
      0.0,
      0.0,
      0.0,
      0.0
    ]
  ],
  "bidirected_adj_final": [
    [
      0.0,
      0.0,
      0.0,
      1.0
    ],
    [
      0.0,
      0.0,
      0.0,
      1.0
    ],
    [
      0.0,
      0.0,
      0.0,
      1.0
    ],
    [
      1.0,
      1.0,
      1.0,
      0.0
    ]
  ],
  "W_truth": [
    [
      5.594030581737083e-06,
      4.840697588157936e-06,
      2.967424179345215e-06,
      5.689313751884368e-06
    ],
    [
      7.42687538012867e-06,
      1.8145157708120572e-06,
      6.266021415562748e-06,
      3.0371275502275044
    ],
    [
      1.7518327408722907e-06,
      1.408083925750893e-05,
      1.629422628646075e-06,
      2.120587193941987
    ],
    [
      6.001422010524205e-06,
      9.46941146983028e-08,
      9.764802678964523e-06,
      1.4579776940367797e-06
    ]
  ],
  "Sigma_truth": [
    [
      1.0,
      0.6759777564193152,
      0.0,
      0.6744497175725434
    ],
    [
      0.6759777564193152,
      1.0,
      0.0,
      0.0
    ],
    [
      0.0,
      0.0,
      1.0,
      0.0
    ],
    [
      0.6744497175725434,
      0.0,
      0.0,
      1.0
    ]
  ],
  "admg": {
    "0": {
      "parents": [],
      "spouses": [
        1,
        3
      ]
    },
    "1": {
      "parents": [],
      "spouses": [
        0
      ]
    },
    "2": {
      "parents": [],
      "spouses": []
    },
    "3": {
      "parents": [
        1,
        2
      ],
      "spouses": [
        0
      ]
    }
  }
}