{
  "dataset_name": "result_d4_admg3_seed2_lambda0.001_lambda_corr0.1_lambda_nl8.0",
  "directed_adj_final": [
    [
      0.0,
      0.0,
      0.0,
      0.0
    ],
    [
      1.0,
      0.0,
      1.0,
      0.0
    ],
    [
      0.0,
      0.0,
      0.0,
      0.0
    ],
    [
      0.0,
      0.0,
      0.0,
      0.0
    ]
  ],
  "bidirected_adj_final": [
    [
      0.0,
      0.0,
      0.01,
      1.0
    ],
    [
      0.0,
      0.0,
      0.0,
      1.0
    ],
    [
      0.01,
      0.0,
      0.0,
      0.08
    ],
    [
      1.0,
      1.0,
      0.08,
      0.0
    ]
  ],
  "W_truth": [
    [
      7.719979620362058e-08,
      3.2675122968082314e-06,
      1.2511131214140325,
      4.8792957781992244e-06
    ],
    [
      6.822320759564409e-06,
      5.306905853003142e-06,
      1.4950790937492957,
      2.9373652376438173
    ],
    [
      3.677926533985756e-07,
      9.482149032333807e-06,
      4.576780329597199e-06,
      4.824374942965951e-06
    ],
    [
      1.1959090470580137e-06,
      6.683336223793569e-06,
      1.6688891149561726e-06,
      2.2095961788382305e-06
    ]
  ],
  "Sigma_truth": [
    [
      1.0,
      -0.5743979608568015,
      0.0,
      -0.6198649911514837
    ],
    [
      -0.5743979608568015,
      1.0,
      0.0,
      0.0
    ],
    [
      0.0,
      0.0,
      1.0,
      0.0
    ],
    [
      -0.6198649911514837,
      0.0,
      0.0,
      1.0
    ]
  ],
  "admg": {
    "0": {
      "parents": [],
      "spouses": [
        1,
        3
      ]
    },
    "1": {
      "parents": [],
      "spouses": [
        0
      ]
    },
    "2": {
      "parents": [
        0,
        1
      ],
      "spouses": []
    },
    "3": {
      "parents": [
        1
      ],
      "spouses": [
        0
      ]
    }
  }
}