{
  "dataset_name": "result_d4_admg2_seed2_lambda0.001_lambda_corr0.1_lambda_nl8.0",
  "directed_adj_final": [
    [
      0.0,
      0.0,
      0.0,
      0.0
    ],
    [
      0.0,
      0.0,
      0.0,
      0.0
    ],
    [
      0.0,
      0.0,
      0.0,
      0.0
    ],
    [
      0.0,
      0.0,
      1.0,
      0.0
    ]
  ],
  "bidirected_adj_final": [
    [
      0.0,
      1.0,
      0.02,
      0.01
    ],
    [
      1.0,
      0.0,
      1.0,
      0.04
    ],
    [
      0.02,
      1.0,
      0.0,
      0.0
    ],
    [
      0.01,
      0.04,
      0.0,
      0.0
    ]
  ],
  "W_truth": [
    [
      7.719831756186865e-08,
      1.5447512363368485,
      4.845823437386518e-07,
      6.451639586149249e-06
    ],
    [
      6.82232473103794e-06,
      4.244514158633537e-06,
      0.24750866543681047,
      5.747718864587545e-06
    ],
    [
      3.677823090715694e-07,
      7.344735786971756e-06,
      1.3333609955786483e-06,
      7.050492629401454e-06
    ],
    [
      1.1959035441799162e-06,
      4.298400651736897e-06,
      1.5717948511657547e-07,
      3.4500473891145306e-06
    ]
  ],
  "Sigma_truth": [
    [
      1.0,
      0.0,
      0.0,
      0.0
    ],
    [
      0.0,
      1.0,
      0.0,
      0.0
    ],
    [
      0.0,
      0.0,
      1.0,
      -0.5743979608568015
    ],
    [
      0.0,
      0.0,
      -0.5743979608568015,
      1.0
    ]
  ],
  "admg": {
    "0": {
      "parents": [],
      "spouses": []
    },
    "1": {
      "parents": [
        0
      ],
      "spouses": []
    },
    "2": {
      "parents": [
        1
      ],
      "spouses": [
        3
      ]
    },
    "3": {
      "parents": [],
      "spouses": [
        2
      ]
    }
  }
}