{
  "dataset_name": "result_d4_admg17_seed2_lambda0.001_lambda_corr0.1_lambda_nl8.0",
  "directed_adj_final": [
    [
      0.0,
      0.01,
      0.0,
      0.0
    ],
    [
      0.0,
      0.0,
      0.0,
      0.0
    ],
    [
      1.0,
      0.0,
      0.0,
      0.0
    ],
    [
      0.0,
      0.0,
      0.0,
      0.0
    ]
  ],
  "bidirected_adj_final": [
    [
      0.0,
      0.0,
      0.0,
      1.0
    ],
    [
      0.0,
      0.0,
      1.0,
      0.02
    ],
    [
      0.0,
      1.0,
      0.0,
      1.0
    ],
    [
      1.0,
      0.02,
      1.0,
      0.0
    ]
  ],
  "W_truth": [
    [
      7.719988722797233e-08,
      3.2675127008718006e-06,
      1.6195480476281625,
      2.9127118750493586
    ],
    [
      6.822321406140702e-06,
      5.3069063535075434e-06,
      2.218169418881307e-06,
      3.733028689775653e-06
    ],
    [
      3.677920430039044e-07,
      9.482148835732696e-06,
      6.624410033177873e-06,
      2.157794911340301
    ],
    [
      1.1959080135962657e-06,
      6.683336447169749e-06,
      2.8255413501045444e-06,
      2.3018546112018028e-06
    ]
  ],
  "Sigma_truth": [
    [
      1.0,
      0.0,
      0.0,
      0.0
    ],
    [
      0.0,
      1.0,
      -0.5743979608568015,
      -0.6198649911514837
    ],
    [
      0.0,
      -0.5743979608568015,
      1.0,
      0.0
    ],
    [
      0.0,
      -0.6198649911514837,
      0.0,
      1.0
    ]
  ],
  "admg": {
    "0": {
      "parents": [],
      "spouses": []
    },
    "1": {
      "parents": [],
      "spouses": [
        2,
        3
      ]
    },
    "2": {
      "parents": [
        0
      ],
      "spouses": [
        1
      ]
    },
    "3": {
      "parents": [
        0,
        2
      ],
      "spouses": [
        1
      ]
    }
  }
}