{
  "dataset_name": "result_d4_admg12_seed0_lambda0.001_lambda_corr0.1_lambda_nl8.0",
  "directed_adj_final": [
    [
      0.0,
      0.0,
      0.0,
      0.02
    ],
    [
      0.0,
      0.0,
      1.0,
      0.0
    ],
    [
      0.0,
      0.0,
      0.0,
      0.0
    ],
    [
      0.0,
      0.0,
      1.0,
      0.0
    ]
  ],
  "bidirected_adj_final": [
    [
      0.0,
      0.0,
      1.0,
      0.0
    ],
    [
      0.0,
      0.0,
      0.0,
      1.0
    ],
    [
      1.0,
      0.0,
      0.0,
      0.0
    ],
    [
      0.0,
      1.0,
      0.0,
      0.0
    ]
  ],
  "W_truth": [
    [
      7.423145853119915e-06,
      4.466979502648208e-06,
      2.164422391052669,
      1.6903899849255915e-06
    ],
    [
      2.5984416699756556e-06,
      5.44610536916389e-06,
      9.902379757060238e-06,
      3.982069996383827
    ],
    [
      2.9736734589702378e-06,
      2.5583608233399916e-06,
      9.117978365034263e-07,
      6.239477264938863e-06
    ],
    [
      3.6447662676909955e-06,
      1.0455098462966356e-05,
      6.1130290218874685e-06,
      1.488203405974547e-06
    ]
  ],
  "Sigma_truth": [
    [
      1.0,
      0.0,
      0.0,
      0.0
    ],
    [
      0.0,
      1.0,
      0.61952540157093,
      0.0
    ],
    [
      0.0,
      0.61952540157093,
      1.0,
      0.6411053504286576
    ],
    [
      0.0,
      0.0,
      0.6411053504286576,
      1.0
    ]
  ],
  "admg": {
    "0": {
      "parents": [],
      "spouses": []
    },
    "1": {
      "parents": [],
      "spouses": [
        2
      ]
    },
    "2": {
      "parents": [
        0
      ],
      "spouses": [
        1,
        3
      ]
    },
    "3": {
      "parents": [
        1
      ],
      "spouses": [
        2
      ]
    }
  }
}