{
  "dataset_name": "result_d4_admg4_seed6_lambda0.001_lambda_corr0.1_lambda_nl8.0",
  "directed_adj_final": [
    [
      0.0,
      1.0,
      0.0,
      0.0
    ],
    [
      0.0,
      0.0,
      0.01,
      0.0
    ],
    [
      0.0,
      0.01,
      0.0,
      0.0
    ],
    [
      0.0,
      0.0,
      0.0,
      0.0
    ]
  ],
  "bidirected_adj_final": [
    [
      0.0,
      0.0,
      0.06,
      1.0
    ],
    [
      0.0,
      0.0,
      0.0,
      1.0
    ],
    [
      0.06,
      0.0,
      0.0,
      0.08
    ],
    [
      1.0,
      1.0,
      0.08,
      0.0
    ]
  ],
  "W_truth": [
    [
      5.363497973009557e-06,
      7.2475077216688325e-06,
      3.836128075447318e-06,
      1.2211303931117405e-06
    ],
    [
      1.0805242898407306e-05,
      2.2641221255382447e-06,
      2.4272831510679054e-06,
      1.7882279391282498
    ],
    [
      5.403404100515567e-06,
      1.6634721440754257e-06,
      5.360721383117637e-06,
      2.175377915393535
    ],
    [
      5.41155807375543e-06,
      3.2444909268033793e-06,
      6.419425931056087e-06,
      2.6093408157926844e-06
    ]
  ],
  "Sigma_truth": [
    [
      1.0,
      -0.6878760186983636,
      0.0,
      -0.6618449003515253
    ],
    [
      -0.6878760186983636,
      1.0,
      0.0,
      0.0
    ],
    [
      0.0,
      0.0,
      1.0,
      0.0
    ],
    [
      -0.6618449003515253,
      0.0,
      0.0,
      1.0
    ]
  ],
  "admg": {
    "0": {
      "parents": [],
      "spouses": [
        1,
        3
      ]
    },
    "1": {
      "parents": [],
      "spouses": [
        0
      ]
    },
    "2": {
      "parents": [],
      "spouses": []
    },
    "3": {
      "parents": [
        1,
        2
      ],
      "spouses": [
        0
      ]
    }
  }
}