{
  "dataset_name": "result_d4_admg17_seed3_lambda0.001_lambda_corr0.1_lambda_nl8.0",
  "directed_adj_final": [
    [
      0.0,
      0.0,
      0.0,
      1.0
    ],
    [
      0.0,
      0.0,
      0.0,
      0.0
    ],
    [
      0.0,
      0.0,
      0.0,
      1.0
    ],
    [
      0.0,
      0.0,
      0.0,
      0.0
    ]
  ],
  "bidirected_adj_final": [
    [
      0.0,
      0.01,
      1.0,
      0.0
    ],
    [
      0.01,
      0.0,
      1.0,
      1.0
    ],
    [
      1.0,
      1.0,
      0.0,
      0.0
    ],
    [
      0.0,
      1.0,
      0.0,
      0.0
    ]
  ],
  "W_truth": [
    [
      2.8579600054276926e-07,
      1.9230912883885582e-07,
      2.990812262166691,
      1.3401816148945367
    ],
    [
      2.165624094595153e-06,
      9.60970524714678e-06,
      2.321249419803927e-06,
      8.6583609349659e-07
    ],
    [
      3.380160437115804e-06,
      6.489365801453726e-06,
      2.9798662330738954e-06,
      0.9892944374054904
    ],
    [
      3.342982858571125e-07,
      1.1028439682196805e-05,
      3.5318995591788847e-06,
      1.4526362348709786e-06
    ]
  ],
  "Sigma_truth": [
    [
      1.0,
      0.0,
      0.0,
      0.0
    ],
    [
      0.0,
      1.0,
      0.6203191610298302,
      0.5163618955651778
    ],
    [
      0.0,
      0.6203191610298302,
      1.0,
      0.0
    ],
    [
      0.0,
      0.5163618955651778,
      0.0,
      1.0
    ]
  ],
  "admg": {
    "0": {
      "parents": [],
      "spouses": []
    },
    "1": {
      "parents": [],
      "spouses": [
        2,
        3
      ]
    },
    "2": {
      "parents": [
        0
      ],
      "spouses": [
        1
      ]
    },
    "3": {
      "parents": [
        0,
        2
      ],
      "spouses": [
        1
      ]
    }
  }
}