{
  "dataset_name": "result_d4_admg4_seed9_lambda0.001_lambda_corr0.1_lambda_nl8.0",
  "directed_adj_final": [
    [
      0.0,
      0.0,
      0.0,
      0.0
    ],
    [
      1.0,
      0.0,
      0.01,
      0.0
    ],
    [
      0.0,
      0.0,
      0.0,
      1.0
    ],
    [
      0.0,
      0.0,
      0.0,
      0.0
    ]
  ],
  "bidirected_adj_final": [
    [
      0.0,
      0.0,
      0.0,
      1.0
    ],
    [
      0.0,
      0.0,
      0.0,
      1.0
    ],
    [
      0.0,
      0.0,
      0.0,
      0.0
    ],
    [
      1.0,
      1.0,
      0.0,
      0.0
    ]
  ],
  "W_truth": [
    [
      4.45460879132487e-06,
      7.127144937584997e-06,
      1.0627776477679172e-05,
      4.347214122567598e-06
    ],
    [
      1.2273687121791493e-05,
      1.2779529620655016e-05,
      8.21645361702574e-06,
      2.2693198671990857
    ],
    [
      1.4698261245707793e-06,
      3.955580460172343e-06,
      6.144331134264067e-06,
      4.2246654103665975
    ],
    [
      1.2364024757720104e-05,
      6.706268794615824e-07,
      6.418112301225529e-06,
      1.7398103388055638e-06
    ]
  ],
  "Sigma_truth": [
    [
      1.0,
      0.40414966155428,
      0.0,
      -0.5983093172536584
    ],
    [
      0.40414966155428,
      1.0,
      0.0,
      0.0
    ],
    [
      0.0,
      0.0,
      1.0,
      0.0
    ],
    [
      -0.5983093172536584,
      0.0,
      0.0,
      1.0
    ]
  ],
  "admg": {
    "0": {
      "parents": [],
      "spouses": [
        1,
        3
      ]
    },
    "1": {
      "parents": [],
      "spouses": [
        0
      ]
    },
    "2": {
      "parents": [],
      "spouses": []
    },
    "3": {
      "parents": [
        1,
        2
      ],
      "spouses": [
        0
      ]
    }
  }
}