{
  "dataset_name": "result_d4_admg20_seed7_lambda0.001_lambda_corr0.1_lambda_nl8.0",
  "directed_adj_final": [
    [
      0.0,
      1.0,
      1.0,
      0.0
    ],
    [
      0.0,
      0.0,
      0.0,
      0.0
    ],
    [
      0.0,
      0.0,
      0.0,
      0.0
    ],
    [
      0.0,
      1.0,
      0.04,
      0.0
    ]
  ],
  "bidirected_adj_final": [
    [
      0.0,
      0.0,
      0.0,
      1.0
    ],
    [
      0.0,
      0.0,
      1.0,
      0.0
    ],
    [
      0.0,
      1.0,
      0.0,
      0.01
    ],
    [
      1.0,
      0.0,
      0.01,
      0.0
    ]
  ],
  "W_truth": [
    [
      7.630200118914129e-07,
      3.3237429790862053e-06,
      5.057476707471026e-06,
      1.6084057097920652e-06
    ],
    [
      1.4766744576232337e-05,
      1.1494872307920419e-07,
      2.7170534024282933e-06,
      7.2954406745492446e-06
    ],
    [
      3.844398851421927e-06,
      3.3847034783758197e-06,
      9.043277939589958e-06,
      2.6437815081706787e-06
    ],
    [
      6.232732559928385e-06,
      4.302216380065067e-06,
      7.639190498558534e-08,
      1.8039051868923525e-07
    ]
  ],
  "Sigma_truth": [
    [
      1.0,
      0.4305233157495829,
      0.0,
      0.5753636925763574
    ],
    [
      0.4305233157495829,
      1.0,
      0.7911958047986412,
      0.0
    ],
    [
      0.0,
      0.7911958047986412,
      1.0,
      0.0
    ],
    [
      0.5753636925763574,
      0.0,
      0.0,
      1.0
    ]
  ],
  "admg": {
    "0": {
      "parents": [],
      "spouses": [
        1,
        3
      ]
    },
    "1": {
      "parents": [],
      "spouses": [
        0,
        2
      ]
    },
    "2": {
      "parents": [],
      "spouses": [
        1
      ]
    },
    "3": {
      "parents": [],
      "spouses": [
        0
      ]
    }
  }
}