{
  "dataset_name": "result_d4_admg3_seed7_lambda0.001_lambda_corr0.1_lambda_nl8.0",
  "directed_adj_final": [
    [
      0.0,
      0.0,
      0.0,
      1.0
    ],
    [
      0.0,
      0.0,
      0.0,
      0.0
    ],
    [
      0.0,
      0.99,
      0.0,
      0.0
    ],
    [
      0.0,
      0.0,
      0.0,
      0.0
    ]
  ],
  "bidirected_adj_final": [
    [
      0.0,
      0.0,
      1.0,
      0.0
    ],
    [
      0.0,
      0.0,
      0.0,
      1.0
    ],
    [
      1.0,
      0.0,
      0.0,
      0.06
    ],
    [
      0.0,
      1.0,
      0.06,
      0.0
    ]
  ],
  "W_truth": [
    [
      7.62971311329682e-07,
      3.323735584173052e-06,
      1.7755394805039184,
      1.9583329576365884e-06
    ],
    [
      1.476679034955499e-05,
      1.1493924318694665e-07,
      2.0347708548233987,
      4.189001763266932
    ],
    [
      3.8443501439512376e-06,
      3.3846961202381563e-06,
      5.606175391082432e-06,
      1.6888816373358088e-06
    ],
    [
      6.232783708387709e-06,
      4.3022180975583234e-06,
      1.5971079253071557e-06,
      7.295923143534477e-07
    ]
  ],
  "Sigma_truth": [
    [
      1.0,
      0.4305233157495829,
      0.0,
      0.5753636925763574
    ],
    [
      0.4305233157495829,
      1.0,
      0.0,
      0.0
    ],
    [
      0.0,
      0.0,
      1.0,
      0.0
    ],
    [
      0.5753636925763574,
      0.0,
      0.0,
      1.0
    ]
  ],
  "admg": {
    "0": {
      "parents": [],
      "spouses": [
        1,
        3
      ]
    },
    "1": {
      "parents": [],
      "spouses": [
        0
      ]
    },
    "2": {
      "parents": [
        0,
        1
      ],
      "spouses": []
    },
    "3": {
      "parents": [
        1
      ],
      "spouses": [
        0
      ]
    }
  }
}