{
  "dataset_name": "result_d4_admg2_seed9_lambda0.001_lambda_corr0.1_lambda_nl8.0",
  "directed_adj_final": [
    [
      0.0,
      0.0,
      0.99,
      0.03
    ],
    [
      0.0,
      0.0,
      1.0,
      0.0
    ],
    [
      0.0,
      0.0,
      0.0,
      0.0
    ],
    [
      0.0,
      0.01,
      0.0,
      0.0
    ]
  ],
  "bidirected_adj_final": [
    [
      0.0,
      1.0,
      0.0,
      0.0
    ],
    [
      1.0,
      0.0,
      0.0,
      0.0
    ],
    [
      0.0,
      0.0,
      0.0,
      1.0
    ],
    [
      0.0,
      0.0,
      1.0,
      0.0
    ]
  ],
  "W_truth": [
    [
      4.454647215168908e-06,
      4.052649605889624,
      3.210236872336468e-06,
      7.683987023925271e-06
    ],
    [
      1.2273719943159236e-05,
      7.919099400145445e-06,
      2.1402904118949744,
      2.288894418463237e-06
    ],
    [
      1.4697645079680066e-06,
      2.7072732938739757e-06,
      2.4156275502161027e-06,
      6.737981112122958e-06
    ],
    [
      1.236405480280219e-05,
      2.7506363074988775e-06,
      2.9105001984331625e-06,
      2.0435129568394694e-06
    ]
  ],
  "Sigma_truth": [
    [
      1.0,
      0.0,
      0.0,
      0.0
    ],
    [
      0.0,
      1.0,
      0.0,
      0.0
    ],
    [
      0.0,
      0.0,
      1.0,
      0.40414966155428
    ],
    [
      0.0,
      0.0,
      0.40414966155428,
      1.0
    ]
  ],
  "admg": {
    "0": {
      "parents": [],
      "spouses": []
    },
    "1": {
      "parents": [
        0
      ],
      "spouses": []
    },
    "2": {
      "parents": [
        1
      ],
      "spouses": [
        3
      ]
    },
    "3": {
      "parents": [],
      "spouses": [
        2
      ]
    }
  }
}