{
  "dataset_name": "result_d4_admg7_seed8_lambda0.001_lambda_corr0.1_lambda_nl8.0",
  "directed_adj_final": [
    [
      0.0,
      1.0,
      0.0,
      0.0
    ],
    [
      0.0,
      0.0,
      0.0,
      0.0
    ],
    [
      0.01,
      1.0,
      0.0,
      0.0
    ],
    [
      0.0,
      0.0,
      0.0,
      0.0
    ]
  ],
  "bidirected_adj_final": [
    [
      0.0,
      0.0,
      0.01,
      1.0
    ],
    [
      0.0,
      0.0,
      0.0,
      1.0
    ],
    [
      0.01,
      0.0,
      0.0,
      1.0
    ],
    [
      1.0,
      1.0,
      1.0,
      0.0
    ]
  ],
  "W_truth": [
    [
      5.594030770589643e-06,
      4.840697563343375e-06,
      2.967424205272504e-06,
      7.159271709015397e-06
    ],
    [
      7.426875471866564e-06,
      1.814515934973727e-06,
      6.266021555578707e-06,
      3.0809102575008924
    ],
    [
      1.7518329028997055e-06,
      1.4080839105701647e-05,
      1.6294227553189497e-06,
      2.1249236005700505e-06
    ],
    [
      6.001422195984743e-06,
      9.469455023185256e-08,
      9.764802594241775e-06,
      1.2718867830323082e-06
    ]
  ],
  "Sigma_truth": [
    [
      1.0,
      0.6759777564193152,
      0.0,
      0.0
    ],
    [
      0.6759777564193152,
      1.0,
      0.6744497175725434,
      0.0
    ],
    [
      0.0,
      0.6744497175725434,
      1.0,
      0.0
    ],
    [
      0.0,
      0.0,
      0.0,
      1.0
    ]
  ],
  "admg": {
    "0": {
      "parents": [],
      "spouses": [
        1
      ]
    },
    "1": {
      "parents": [],
      "spouses": [
        0,
        2
      ]
    },
    "2": {
      "parents": [],
      "spouses": [
        1
      ]
    },
    "3": {
      "parents": [
        1
      ],
      "spouses": []
    }
  }
}