{
  "dataset_name": "result_d4_admg13_seed3_lambda0.001_lambda_corr0.1_lambda_nl8.0",
  "directed_adj_final": [
    [
      0.0,
      0.0,
      0.0,
      0.0
    ],
    [
      0.01,
      0.0,
      0.0,
      0.0
    ],
    [
      0.0,
      0.0,
      0.0,
      0.0
    ],
    [
      0.0,
      0.0,
      0.0,
      0.0
    ]
  ],
  "bidirected_adj_final": [
    [
      0.0,
      0.02,
      0.01,
      1.0
    ],
    [
      0.02,
      0.0,
      0.01,
      0.03
    ],
    [
      0.01,
      0.01,
      0.0,
      1.0
    ],
    [
      1.0,
      0.03,
      1.0,
      0.0
    ]
  ],
  "W_truth": [
    [
      2.8578304562728363e-07,
      0.2628522272535166,
      3.422161697616435e-06,
      3.2120880853884192e-06
    ],
    [
      2.1656342379332406e-06,
      6.370283693669503e-06,
      3.5915380622782898e-06,
      1.735410376282071e-06
    ],
    [
      3.3801809228139354e-06,
      4.440349779629975e-06,
      2.233835275832801e-06,
      2.0479001363990244
    ],
    [
      3.3428171696919646e-07,
      7.115347789353307e-06,
      4.1583957135512345e-06,
      3.505889847668063e-06
    ]
  ],
  "Sigma_truth": [
    [
      1.0,
      0.0,
      0.0,
      0.6203191610298302
    ],
    [
      0.0,
      1.0,
      0.0,
      0.0
    ],
    [
      0.0,
      0.0,
      1.0,
      0.0
    ],
    [
      0.6203191610298302,
      0.0,
      0.0,
      1.0
    ]
  ],
  "admg": {
    "0": {
      "parents": [],
      "spouses": [
        3
      ]
    },
    "1": {
      "parents": [
        0
      ],
      "spouses": []
    },
    "2": {
      "parents": [],
      "spouses": []
    },
    "3": {
      "parents": [
        2
      ],
      "spouses": [
        0
      ]
    }
  }
}