{
  "dataset_name": "result_d4_admg7_seed9_lambda0.001_lambda_corr0.1_lambda_nl8.0",
  "directed_adj_final": [
    [
      0.0,
      0.0,
      1.0,
      0.0
    ],
    [
      1.0,
      0.0,
      0.0,
      0.0
    ],
    [
      0.0,
      0.0,
      0.0,
      0.01
    ],
    [
      0.0,
      0.0,
      0.0,
      0.0
    ]
  ],
  "bidirected_adj_final": [
    [
      0.0,
      0.0,
      0.0,
      0.03
    ],
    [
      0.0,
      0.0,
      1.0,
      1.0
    ],
    [
      0.0,
      1.0,
      0.0,
      0.0
    ],
    [
      0.03,
      1.0,
      0.0,
      0.0
    ]
  ],
  "W_truth": [
    [
      4.454608884375629e-06,
      7.127144885136542e-06,
      1.062777641588494e-05,
      7.651171405310486e-06
    ],
    [
      1.2273687203582185e-05,
      1.2779529578479006e-05,
      8.216453567347904e-06,
      1.3307368580325987
    ],
    [
      1.469825894731821e-06,
      3.955580621730557e-06,
      6.144331156661889e-06,
      7.4292032317727e-06
    ],
    [
      1.2364024819125764e-05,
      6.706267187311063e-07,
      6.418112258960387e-06,
      1.7912543724142753e-06
    ]
  ],
  "Sigma_truth": [
    [
      1.0,
      0.40414966155428,
      0.0,
      0.0
    ],
    [
      0.40414966155428,
      1.0,
      -0.5983093172536584,
      0.0
    ],
    [
      0.0,
      -0.5983093172536584,
      1.0,
      0.0
    ],
    [
      0.0,
      0.0,
      0.0,
      1.0
    ]
  ],
  "admg": {
    "0": {
      "parents": [],
      "spouses": [
        1
      ]
    },
    "1": {
      "parents": [],
      "spouses": [
        0,
        2
      ]
    },
    "2": {
      "parents": [],
      "spouses": [
        1
      ]
    },
    "3": {
      "parents": [
        1
      ],
      "spouses": []
    }
  }
}