{
  "dataset_name": "result_d4_admg19_seed9_lambda0.001_lambda_corr0.1_lambda_nl8.0",
  "directed_adj_final": [
    [
      0.0,
      0.99,
      1.0,
      0.0
    ],
    [
      0.0,
      0.0,
      0.0,
      0.0
    ],
    [
      0.0,
      0.0,
      0.0,
      0.0
    ],
    [
      0.0,
      1.0,
      0.0,
      0.0
    ]
  ],
  "bidirected_adj_final": [
    [
      0.0,
      0.0,
      0.0,
      0.99
    ],
    [
      0.0,
      0.0,
      0.01,
      0.0
    ],
    [
      0.0,
      0.01,
      0.0,
      0.02
    ],
    [
      0.99,
      0.0,
      0.02,
      0.0
    ]
  ],
  "W_truth": [
    [
      4.4546531726342115e-06,
      7.127149841734179e-06,
      5.451704729096708,
      4.425934679459218
    ],
    [
      1.2273724402572869e-05,
      1.2779570718865438e-05,
      4.270950318682784e-06,
      2.354784324594143e-06
    ],
    [
      1.469767845357053e-06,
      3.95565155427522e-06,
      3.4702898318382536e-06,
      3.5199247760328984e-06
    ],
    [
      1.2364064543344535e-05,
      6.705619904366007e-07,
      3.3363605201495677e-06,
      1.7752355509446545e-06
    ]
  ],
  "Sigma_truth": [
    [
      1.0,
      0.40414966155428,
      0.0,
      0.0
    ],
    [
      0.40414966155428,
      1.0,
      0.0,
      0.0
    ],
    [
      0.0,
      0.0,
      1.0,
      0.0
    ],
    [
      0.0,
      0.0,
      0.0,
      1.0
    ]
  ],
  "admg": {
    "0": {
      "parents": [],
      "spouses": [
        1
      ]
    },
    "1": {
      "parents": [],
      "spouses": [
        0
      ]
    },
    "2": {
      "parents": [
        0
      ],
      "spouses": []
    },
    "3": {
      "parents": [
        0
      ],
      "spouses": []
    }
  }
}