{
  "dataset_name": "result_d4_admg19_seed1_lambda0.001_lambda_corr0.1_lambda_nl8.0",
  "directed_adj_final": [
    [
      0.0,
      1.0,
      1.0,
      0.99
    ],
    [
      0.0,
      0.0,
      0.0,
      0.0
    ],
    [
      0.0,
      0.0,
      0.0,
      0.0
    ],
    [
      0.0,
      1.0,
      0.0,
      0.0
    ]
  ],
  "bidirected_adj_final": [
    [
      0.0,
      0.0,
      0.0,
      0.0
    ],
    [
      0.0,
      0.0,
      0.03,
      0.0
    ],
    [
      0.0,
      0.03,
      0.0,
      0.0
    ],
    [
      0.0,
      0.0,
      0.0,
      0.0
    ]
  ],
  "W_truth": [
    [
      1.3945941999859868e-06,
      1.0370607544949897e-06,
      4.193614045695035,
      6.960230425992319
    ],
    [
      1.6726704838046325e-06,
      4.495909177287765e-07,
      7.112572445237887e-07,
      2.17461042366426e-06
    ],
    [
      5.766162298595754e-06,
      3.334309436303992e-06,
      2.625733396850397e-06,
      2.4475483639311544e-06
    ],
    [
      9.909011254002456e-06,
      4.4123359990736437e-07,
      3.1367886960518247e-06,
      1.6188783071165556e-06
    ]
  ],
  "Sigma_truth": [
    [
      1.0,
      0.5668088018810297,
      0.0,
      0.0
    ],
    [
      0.5668088018810297,
      1.0,
      0.0,
      0.0
    ],
    [
      0.0,
      0.0,
      1.0,
      0.0
    ],
    [
      0.0,
      0.0,
      0.0,
      1.0
    ]
  ],
  "admg": {
    "0": {
      "parents": [],
      "spouses": [
        1
      ]
    },
    "1": {
      "parents": [],
      "spouses": [
        0
      ]
    },
    "2": {
      "parents": [
        0
      ],
      "spouses": []
    },
    "3": {
      "parents": [
        0
      ],
      "spouses": []
    }
  }
}