{
  "dataset_name": "result_d4_admg13_seed6_lambda0.001_lambda_corr0.1_lambda_nl8.0",
  "directed_adj_final": [
    [
      0.0,
      0.0,
      0.0,
      1.0
    ],
    [
      0.0,
      0.0,
      0.0,
      0.04
    ],
    [
      0.0,
      0.0,
      0.0,
      0.0
    ],
    [
      0.0,
      0.0,
      0.0,
      0.0
    ]
  ],
  "bidirected_adj_final": [
    [
      0.0,
      1.0,
      0.0,
      0.0
    ],
    [
      1.0,
      0.0,
      0.02,
      0.0
    ],
    [
      0.0,
      0.02,
      0.0,
      0.0
    ],
    [
      0.0,
      0.0,
      0.0,
      0.0
    ]
  ],
  "W_truth": [
    [
      5.363500430568704e-06,
      3.701912225517038,
      3.8361414577106695e-06,
      1.442869247948237e-06
    ],
    [
      1.0805243196421933e-05,
      2.3044716075779295e-06,
      2.427294406571406e-06,
      2.263427791604193e-06
    ],
    [
      5.403401279572202e-06,
      2.6800473327029255e-06,
      5.3607262658238845e-06,
      0.6955995463606747
    ],
    [
      5.411563385487851e-06,
      3.5263268785560863e-06,
      6.419427899528766e-06,
      3.681154034274694e-06
    ]
  ],
  "Sigma_truth": [
    [
      1.0,
      0.0,
      0.0,
      -0.7571440605744006
    ],
    [
      0.0,
      1.0,
      0.0,
      0.0
    ],
    [
      0.0,
      0.0,
      1.0,
      0.0
    ],
    [
      -0.7571440605744006,
      0.0,
      0.0,
      1.0
    ]
  ],
  "admg": {
    "0": {
      "parents": [],
      "spouses": [
        3
      ]
    },
    "1": {
      "parents": [
        0
      ],
      "spouses": []
    },
    "2": {
      "parents": [],
      "spouses": []
    },
    "3": {
      "parents": [
        2
      ],
      "spouses": [
        0
      ]
    }
  }
}