{
  "dataset_name": "result_d4_admg20_seed3_lambda0.001_lambda_corr0.1_lambda_nl8.0",
  "directed_adj_final": [
    [
      0.0,
      1.0,
      0.03,
      0.0
    ],
    [
      0.0,
      0.0,
      0.0,
      0.0
    ],
    [
      0.0,
      1.0,
      0.0,
      0.0
    ],
    [
      1.0,
      0.0,
      0.04,
      0.0
    ]
  ],
  "bidirected_adj_final": [
    [
      0.0,
      0.0,
      0.0,
      0.0
    ],
    [
      0.0,
      0.0,
      0.0,
      1.0
    ],
    [
      0.0,
      0.0,
      0.0,
      0.0
    ],
    [
      0.0,
      1.0,
      0.0,
      0.0
    ]
  ],
  "W_truth": [
    [
      2.857957936776279e-07,
      1.9232149199050394e-07,
      3.4222065486283062e-06,
      4.3403339266444475e-06
    ],
    [
      2.1656249321389493e-06,
      9.609714866283115e-06,
      3.5914915852723005e-06,
      2.7423258866300194e-06
    ],
    [
      3.3801622646906213e-06,
      6.489357777555978e-06,
      2.233847458101042e-06,
      3.174926578005272e-06
    ],
    [
      3.342969568194906e-07,
      1.1028431569701457e-05,
      4.158377957673753e-06,
      4.972924057542845e-06
    ]
  ],
  "Sigma_truth": [
    [
      0.9999999999999998,
      0.5685773053803378,
      0.0,
      0.4732912887845065
    ],
    [
      0.5685773053803378,
      0.9999999999999998,
      0.6940212369026917,
      0.0
    ],
    [
      0.0,
      0.6940212369026917,
      0.9999999999999998,
      0.0
    ],
    [
      0.4732912887845065,
      0.0,
      0.0,
      0.9999999999999998
    ]
  ],
  "admg": {
    "0": {
      "parents": [],
      "spouses": [
        1,
        3
      ]
    },
    "1": {
      "parents": [],
      "spouses": [
        0,
        2
      ]
    },
    "2": {
      "parents": [],
      "spouses": [
        1
      ]
    },
    "3": {
      "parents": [],
      "spouses": [
        0
      ]
    }
  }
}