{
  "dataset_name": "result_d4_admg20_seed2_lambda0.001_lambda_corr0.1_lambda_nl8.0",
  "directed_adj_final": [
    [
      0.0,
      0.0,
      0.0,
      0.0
    ],
    [
      1.0,
      0.0,
      0.0,
      0.0
    ],
    [
      1.0,
      1.0,
      0.0,
      0.0
    ],
    [
      1.0,
      0.0,
      0.0,
      0.0
    ]
  ],
  "bidirected_adj_final": [
    [
      0.0,
      0.0,
      0.0,
      0.0
    ],
    [
      0.0,
      0.0,
      0.01,
      1.0
    ],
    [
      0.0,
      0.01,
      0.0,
      0.01
    ],
    [
      0.0,
      1.0,
      0.01,
      0.0
    ]
  ],
  "W_truth": [
    [
      7.720127004006832e-08,
      3.2675155704689577e-06,
      3.393228017999234e-06,
      6.451640445044031e-06
    ],
    [
      6.822328432903744e-06,
      5.3069114078117595e-06,
      1.0573753501922665e-06,
      5.747732406938882e-06
    ],
    [
      3.677815551688338e-07,
      9.482147020488638e-06,
      9.530909235274941e-06,
      7.050497585140354e-06
    ],
    [
      1.1958982589722938e-06,
      6.683338406172545e-06,
      1.4938120605448496e-06,
      3.4500491823240756e-06
    ]
  ],
  "Sigma_truth": [
    [
      1.0,
      -0.5743979608568015,
      0.0,
      -0.6198649911514837
    ],
    [
      -0.5743979608568015,
      1.0,
      -0.5681471208349956,
      0.0
    ],
    [
      0.0,
      -0.5681471208349956,
      1.0,
      0.0
    ],
    [
      -0.6198649911514837,
      0.0,
      0.0,
      1.0
    ]
  ],
  "admg": {
    "0": {
      "parents": [],
      "spouses": [
        1,
        3
      ]
    },
    "1": {
      "parents": [],
      "spouses": [
        0,
        2
      ]
    },
    "2": {
      "parents": [],
      "spouses": [
        1
      ]
    },
    "3": {
      "parents": [],
      "spouses": [
        0
      ]
    }
  }
}