{
  "dataset_name": "result_d4_admg20_seed1_lambda0.001_lambda_corr0.1_lambda_nl8.0",
  "directed_adj_final": [
    [
      0.0,
      0.0,
      0.01,
      1.0
    ],
    [
      0.0,
      0.0,
      0.0,
      0.0
    ],
    [
      0.0,
      0.0,
      0.0,
      0.0
    ],
    [
      0.0,
      0.0,
      0.0,
      0.0
    ]
  ],
  "bidirected_adj_final": [
    [
      0.0,
      1.0,
      0.01,
      0.0
    ],
    [
      1.0,
      0.0,
      0.99,
      1.0
    ],
    [
      0.01,
      0.99,
      0.0,
      0.0
    ],
    [
      0.0,
      1.0,
      0.0,
      0.0
    ]
  ],
  "W_truth": [
    [
      1.394607209596871e-06,
      1.0370599669007554e-06,
      8.666175731568237e-06,
      1.3812914068414278e-05
    ],
    [
      1.6726840073100234e-06,
      4.495903445410645e-07,
      3.109427516192553e-07,
      4.009893275533939e-06
    ],
    [
      5.766171824974937e-06,
      3.3343094920164156e-06,
      5.8342923423739665e-06,
      2.624964225781421e-06
    ],
    [
      9.909002303795692e-06,
      4.4124242120795436e-07,
      4.430353242193974e-06,
      3.858739233044793e-06
    ]
  ],
  "Sigma_truth": [
    [
      1.0,
      0.5668088018810297,
      0.0,
      -0.400045749926938
    ],
    [
      0.5668088018810297,
      1.0,
      -0.45870235632684525,
      0.0
    ],
    [
      0.0,
      -0.45870235632684525,
      1.0,
      0.0
    ],
    [
      -0.400045749926938,
      0.0,
      0.0,
      1.0
    ]
  ],
  "admg": {
    "0": {
      "parents": [],
      "spouses": [
        1,
        3
      ]
    },
    "1": {
      "parents": [],
      "spouses": [
        0,
        2
      ]
    },
    "2": {
      "parents": [],
      "spouses": [
        1
      ]
    },
    "3": {
      "parents": [],
      "spouses": [
        0
      ]
    }
  }
}