{
  "dataset_name": "result_d4_admg19_seed0_lambda0.001_lambda_corr0.1_lambda_nl8.0",
  "directed_adj_final": [
    [
      0.0,
      1.0,
      0.0,
      0.0
    ],
    [
      0.0,
      0.0,
      0.0,
      0.0
    ],
    [
      0.0,
      0.0,
      0.0,
      1.0
    ],
    [
      1.0,
      0.03,
      0.0,
      0.0
    ]
  ],
  "bidirected_adj_final": [
    [
      0.0,
      0.0,
      1.0,
      0.0
    ],
    [
      0.0,
      0.0,
      0.02,
      0.0
    ],
    [
      1.0,
      0.02,
      0.0,
      0.01
    ],
    [
      0.0,
      0.0,
      0.01,
      0.0
    ]
  ],
  "W_truth": [
    [
      7.4231455085161595e-06,
      4.466979287108652e-06,
      2.110133483971888,
      1.7492226915407005
    ],
    [
      2.598441178602808e-06,
      5.446105340579262e-06,
      9.866166597941302e-06,
      3.786797947973544e-06
    ],
    [
      2.9736735524942126e-06,
      2.558360994957064e-06,
      9.114136025324368e-07,
      5.269801268496585e-06
    ],
    [
      3.6447657704601603e-06,
      1.0455098411148733e-05,
      6.078984990867766e-06,
      1.3024442648310914e-06
    ]
  ],
  "Sigma_truth": [
    [
      1.0,
      0.61952540157093,
      0.0,
      0.0
    ],
    [
      0.61952540157093,
      1.0,
      0.0,
      0.0
    ],
    [
      0.0,
      0.0,
      1.0,
      0.0
    ],
    [
      0.0,
      0.0,
      0.0,
      1.0
    ]
  ],
  "admg": {
    "0": {
      "parents": [],
      "spouses": [
        1
      ]
    },
    "1": {
      "parents": [],
      "spouses": [
        0
      ]
    },
    "2": {
      "parents": [
        0
      ],
      "spouses": []
    },
    "3": {
      "parents": [
        0
      ],
      "spouses": []
    }
  }
}