{
  "dataset_name": "result_d4_admg19_seed3_lambda0.001_lambda_corr0.1_lambda_nl8.0",
  "directed_adj_final": [
    [
      0.0,
      0.0,
      0.0,
      1.0
    ],
    [
      1.0,
      0.0,
      0.0,
      0.0
    ],
    [
      0.0,
      0.0,
      0.0,
      1.0
    ],
    [
      0.0,
      0.0,
      0.0,
      0.0
    ]
  ],
  "bidirected_adj_final": [
    [
      0.0,
      0.0,
      1.0,
      0.0
    ],
    [
      0.0,
      0.0,
      1.0,
      0.02
    ],
    [
      1.0,
      1.0,
      0.0,
      0.0
    ],
    [
      0.0,
      0.02,
      0.0,
      0.0
    ]
  ],
  "W_truth": [
    [
      2.857955425126415e-07,
      1.9230578241700235e-07,
      2.997400008762057,
      2.39833321642071
    ],
    [
      2.165624635046924e-06,
      9.609704554952973e-06,
      2.3723327094322516e-06,
      1.8575679641542124e-06
    ],
    [
      3.3801653109483576e-06,
      6.489368517346714e-06,
      2.953120817341455e-06,
      2.6772015118478673e-06
    ],
    [
      3.3429390966688074e-07,
      1.102843965571973e-05,
      3.5451939062455283e-06,
      2.892119765435195e-06
    ]
  ],
  "Sigma_truth": [
    [
      1.0,
      0.6203191610298302,
      0.0,
      0.0
    ],
    [
      0.6203191610298302,
      1.0,
      0.0,
      0.0
    ],
    [
      0.0,
      0.0,
      1.0,
      0.0
    ],
    [
      0.0,
      0.0,
      0.0,
      1.0
    ]
  ],
  "admg": {
    "0": {
      "parents": [],
      "spouses": [
        1
      ]
    },
    "1": {
      "parents": [],
      "spouses": [
        0
      ]
    },
    "2": {
      "parents": [
        0
      ],
      "spouses": []
    },
    "3": {
      "parents": [
        0
      ],
      "spouses": []
    }
  }
}