{
  "dataset_name": "result_d4_admg12_seed6_lambda0.001_lambda_corr0.1_lambda_nl8.0",
  "directed_adj_final": [
    [
      0.0,
      0.0,
      0.01,
      0.0
    ],
    [
      0.0,
      0.0,
      1.0,
      0.0
    ],
    [
      0.0,
      0.0,
      0.0,
      0.0
    ],
    [
      0.0,
      0.0,
      1.0,
      0.0
    ]
  ],
  "bidirected_adj_final": [
    [
      0.0,
      0.0,
      1.0,
      0.0
    ],
    [
      0.0,
      0.0,
      0.0,
      1.0
    ],
    [
      1.0,
      0.0,
      0.0,
      0.0
    ],
    [
      0.0,
      1.0,
      0.0,
      0.0
    ]
  ],
  "W_truth": [
    [
      5.363506262411055e-06,
      7.2474906420777e-06,
      2.620005172210679,
      9.79772314460409e-07
    ],
    [
      1.0805248460020903e-05,
      2.2641104164575707e-06,
      4.3582681033735655e-06,
      1.7289075073031086
    ],
    [
      5.403416544327997e-06,
      1.663438979162668e-06,
      2.8829885706981496e-06,
      5.949923015045515e-07
    ],
    [
      5.411567874798043e-06,
      3.2444953740163257e-06,
      3.3959140904083567e-06,
      2.663244799736619e-06
    ]
  ],
  "Sigma_truth": [
    [
      1.0,
      0.0,
      0.0,
      0.0
    ],
    [
      0.0,
      1.0,
      -0.6878760186983636,
      0.0
    ],
    [
      0.0,
      -0.6878760186983636,
      1.0,
      -0.6618449003515253
    ],
    [
      0.0,
      0.0,
      -0.6618449003515253,
      1.0
    ]
  ],
  "admg": {
    "0": {
      "parents": [],
      "spouses": []
    },
    "1": {
      "parents": [],
      "spouses": [
        2
      ]
    },
    "2": {
      "parents": [
        0
      ],
      "spouses": [
        1,
        3
      ]
    },
    "3": {
      "parents": [
        1
      ],
      "spouses": [
        2
      ]
    }
  }
}