{
  "dataset_name": "result_d4_admg23_seed9_lambda0.001_lambda_corr0.1_lambda_nl8.0",
  "directed_adj_final": [
    [
      0.0,
      0.0,
      1.0,
      0.0
    ],
    [
      0.0,
      0.0,
      0.0,
      0.02
    ],
    [
      0.0,
      0.0,
      0.0,
      0.0
    ],
    [
      0.0,
      0.0,
      0.0,
      0.0
    ]
  ],
  "bidirected_adj_final": [
    [
      0.0,
      0.01,
      0.0,
      1.0
    ],
    [
      0.01,
      0.0,
      1.0,
      0.0
    ],
    [
      0.0,
      1.0,
      0.0,
      0.01
    ],
    [
      1.0,
      0.0,
      0.01,
      0.0
    ]
  ],
  "W_truth": [
    [
      4.45465336821574e-06,
      7.127149844486863e-06,
      6.53614855248055e-06,
      4.394191481548234
    ],
    [
      1.2273724054382097e-05,
      1.2779570893114924e-05,
      4.526693781599199,
      2.3672800539101464e-06
    ],
    [
      1.469768241090384e-06,
      3.955652458331724e-06,
      3.572516496894274e-06,
      3.5026681501531993e-06
    ],
    [
      1.2364064793532317e-05,
      6.705609920735817e-07,
      4.4778414836943014e-06,
      1.7951480058190872e-06
    ]
  ],
  "Sigma_truth": [
    [
      1.0,
      0.0,
      0.40414966155428,
      0.0
    ],
    [
      0.0,
      1.0,
      0.0,
      0.0
    ],
    [
      0.40414966155428,
      0.0,
      1.0,
      0.0
    ],
    [
      0.0,
      0.0,
      0.0,
      1.0
    ]
  ],
  "admg": {
    "0": {
      "parents": [],
      "spouses": [
        2
      ]
    },
    "1": {
      "parents": [],
      "spouses": []
    },
    "2": {
      "parents": [
        1
      ],
      "spouses": [
        0
      ]
    },
    "3": {
      "parents": [
        0
      ],
      "spouses": []
    }
  }
}