{
  "dataset_name": "result_d4_admg7_seed1_lambda0.001_lambda_corr0.1_lambda_nl8.0",
  "directed_adj_final": [
    [
      0.0,
      0.0,
      0.0,
      0.0
    ],
    [
      1.0,
      0.0,
      1.0,
      0.0
    ],
    [
      1.0,
      0.0,
      0.0,
      0.0
    ],
    [
      0.0,
      0.0,
      0.0,
      0.0
    ]
  ],
  "bidirected_adj_final": [
    [
      0.0,
      0.0,
      0.0,
      0.96
    ],
    [
      0.0,
      0.0,
      0.0,
      1.0
    ],
    [
      0.0,
      0.0,
      0.0,
      0.99
    ],
    [
      0.96,
      1.0,
      0.99,
      0.0
    ]
  ],
  "W_truth": [
    [
      1.394594497641977e-06,
      1.0370613156560443e-06,
      8.666168986349082e-06,
      9.94760458379203e-06
    ],
    [
      1.672680341558137e-06,
      4.4959259579516407e-07,
      3.109246206015392e-07,
      3.0276497361834958
    ],
    [
      5.766175338134241e-06,
      3.3343072068745358e-06,
      5.834270506203683e-06,
      1.5945759811973993e-06
    ],
    [
      9.909013006760124e-06,
      4.412325338158936e-07,
      4.430378323022931e-06,
      2.9363431367685722e-06
    ]
  ],
  "Sigma_truth": [
    [
      1.0,
      0.5668088018810297,
      0.0,
      0.0
    ],
    [
      0.5668088018810297,
      1.0,
      -0.400045749926938,
      0.0
    ],
    [
      0.0,
      -0.400045749926938,
      1.0,
      0.0
    ],
    [
      0.0,
      0.0,
      0.0,
      1.0
    ]
  ],
  "admg": {
    "0": {
      "parents": [],
      "spouses": [
        1
      ]
    },
    "1": {
      "parents": [],
      "spouses": [
        0,
        2
      ]
    },
    "2": {
      "parents": [],
      "spouses": [
        1
      ]
    },
    "3": {
      "parents": [
        1
      ],
      "spouses": []
    }
  }
}