{
  "dataset_name": "result_d4_admg12_seed4_lambda0.001_lambda_corr0.1_lambda_nl8.0",
  "directed_adj_final": [
    [
      0.0,
      0.0,
      0.0,
      0.0
    ],
    [
      0.0,
      0.0,
      0.08,
      0.0
    ],
    [
      0.0,
      0.0,
      0.0,
      0.04
    ],
    [
      1.0,
      0.0,
      0.0,
      0.0
    ]
  ],
  "bidirected_adj_final": [
    [
      0.0,
      0.01,
      1.0,
      0.0
    ],
    [
      0.01,
      0.0,
      0.01,
      1.0
    ],
    [
      1.0,
      0.01,
      0.0,
      0.0
    ],
    [
      0.0,
      1.0,
      0.0,
      0.0
    ]
  ],
  "W_truth": [
    [
      3.420377092338671e-06,
      1.969417929792642e-06,
      1.5160355318302545,
      6.0199449054493e-06
    ],
    [
      4.154558278324385e-06,
      1.7493101268991308e-06,
      2.977786694200161e-06,
      1.8520836972098318
    ],
    [
      5.009203314706622e-06,
      6.129833891239744e-06,
      5.308486949193897e-06,
      2.149740466011566e-06
    ],
    [
      2.132280587904722e-06,
      2.7225998944063114e-06,
      5.361459164818274e-07,
      2.3286855649297783e-06
    ]
  ],
  "Sigma_truth": [
    [
      0.9999999999999999,
      0.0,
      0.0,
      0.0
    ],
    [
      0.0,
      0.9999999999999999,
      0.6757691454194757,
      0.0
    ],
    [
      0.0,
      0.6757691454194757,
      0.9999999999999999,
      0.6777117447208012
    ],
    [
      0.0,
      0.0,
      0.6777117447208012,
      0.9999999999999999
    ]
  ],
  "admg": {
    "0": {
      "parents": [],
      "spouses": []
    },
    "1": {
      "parents": [],
      "spouses": [
        2
      ]
    },
    "2": {
      "parents": [
        0
      ],
      "spouses": [
        1,
        3
      ]
    },
    "3": {
      "parents": [
        1
      ],
      "spouses": [
        2
      ]
    }
  }
}