{
  "dataset_name": "result_d4_admg12_seed2_lambda0.001_lambda_corr0.1_lambda_nl8.0",
  "directed_adj_final": [
    [
      0.0,
      0.0,
      0.99,
      1.0
    ],
    [
      0.0,
      0.0,
      1.0,
      0.0
    ],
    [
      0.0,
      0.0,
      0.0,
      0.0
    ],
    [
      0.0,
      0.0,
      0.0,
      0.0
    ]
  ],
  "bidirected_adj_final": [
    [
      0.0,
      0.02,
      0.0,
      0.0
    ],
    [
      0.02,
      0.0,
      0.0,
      1.0
    ],
    [
      0.0,
      0.0,
      0.0,
      1.0
    ],
    [
      0.0,
      1.0,
      1.0,
      0.0
    ]
  ],
  "W_truth": [
    [
      7.719972419301167e-08,
      3.2675124133643958e-06,
      1.6195574384350886,
      4.855904913390759e-06
    ],
    [
      6.822320723594329e-06,
      5.30690585381696e-06,
      2.2181630869598754e-06,
      2.9601438015736585
    ],
    [
      3.677930154121056e-07,
      9.482149024458623e-06,
      6.6244208108623544e-06,
      4.806099473726207e-06
    ],
    [
      1.1959089610788753e-06,
      6.683336248393125e-06,
      2.825533423352269e-06,
      2.2034174844856834e-06
    ]
  ],
  "Sigma_truth": [
    [
      1.0,
      0.0,
      0.0,
      0.0
    ],
    [
      0.0,
      1.0,
      -0.5743979608568015,
      0.0
    ],
    [
      0.0,
      -0.5743979608568015,
      1.0,
      -0.6198649911514837
    ],
    [
      0.0,
      0.0,
      -0.6198649911514837,
      1.0
    ]
  ],
  "admg": {
    "0": {
      "parents": [],
      "spouses": []
    },
    "1": {
      "parents": [],
      "spouses": [
        2
      ]
    },
    "2": {
      "parents": [
        0
      ],
      "spouses": [
        1,
        3
      ]
    },
    "3": {
      "parents": [
        1
      ],
      "spouses": [
        2
      ]
    }
  }
}