{
  "dataset_name": "result_d4_admg19_seed8_lambda0.001_lambda_corr0.1_lambda_nl8.0",
  "directed_adj_final": [
    [
      0.0,
      1.0,
      1.0,
      0.0
    ],
    [
      0.0,
      0.0,
      0.01,
      0.0
    ],
    [
      0.0,
      0.0,
      0.0,
      0.0
    ],
    [
      0.0,
      1.0,
      0.0,
      0.0
    ]
  ],
  "bidirected_adj_final": [
    [
      0.0,
      0.0,
      0.0,
      1.0
    ],
    [
      0.0,
      0.0,
      0.01,
      0.0
    ],
    [
      0.0,
      0.01,
      0.0,
      0.04
    ],
    [
      1.0,
      0.0,
      0.04,
      0.0
    ]
  ],
  "W_truth": [
    [
      5.5940295762060355e-06,
      4.8406660861238185e-06,
      1.356990678191695,
      5.615487447859093
    ],
    [
      7.426871332035414e-06,
      1.8144837694527652e-06,
      4.242890731660479e-06,
      2.9864297615039086e-06
    ],
    [
      1.751842355226606e-06,
      1.408079511439893e-05,
      1.5958105682441859e-06,
      1.933456055063495e-06
    ],
    [
      6.00141310560717e-06,
      9.469501147046444e-08,
      6.423697629325982e-06,
      1.3436487521069087e-06
    ]
  ],
  "Sigma_truth": [
    [
      1.0,
      0.7493717611167265,
      0.0,
      0.0
    ],
    [
      0.7493717611167265,
      1.0,
      0.0,
      0.0
    ],
    [
      0.0,
      0.0,
      1.0,
      0.0
    ],
    [
      0.0,
      0.0,
      0.0,
      1.0
    ]
  ],
  "admg": {
    "0": {
      "parents": [],
      "spouses": [
        1
      ]
    },
    "1": {
      "parents": [],
      "spouses": [
        0
      ]
    },
    "2": {
      "parents": [
        0
      ],
      "spouses": []
    },
    "3": {
      "parents": [
        0
      ],
      "spouses": []
    }
  }
}