{
  "dataset_name": "result_d4_admg17_seed6_lambda0.001_lambda_corr0.1_lambda_nl8.0",
  "directed_adj_final": [
    [
      0.0,
      0.0,
      1.0,
      1.0
    ],
    [
      0.42,
      0.0,
      0.0,
      1.0
    ],
    [
      0.0,
      0.0,
      0.0,
      1.0
    ],
    [
      0.0,
      0.0,
      0.0,
      0.0
    ]
  ],
  "bidirected_adj_final": [
    [
      0.0,
      0.0,
      0.0,
      0.0
    ],
    [
      0.0,
      0.0,
      1.0,
      0.0
    ],
    [
      0.0,
      1.0,
      0.0,
      0.0
    ],
    [
      0.0,
      0.0,
      0.0,
      0.0
    ]
  ],
  "W_truth": [
    [
      5.363503164348707e-06,
      7.247488967794225e-06,
      2.6200005332872074,
      1.7711756798445013
    ],
    [
      1.0805251099303304e-05,
      2.2641078684320374e-06,
      4.358269211537196e-06,
      1.7702592704053922e-06
    ],
    [
      5.4034136567336646e-06,
      1.663438163661616e-06,
      2.8829853494617065e-06,
      0.6677577928102041
    ],
    [
      5.41157186013417e-06,
      3.2444969642486398e-06,
      3.3959072410169825e-06,
      2.2067240648250186e-06
    ]
  ],
  "Sigma_truth": [
    [
      1.0,
      0.0,
      0.0,
      0.0
    ],
    [
      0.0,
      1.0,
      -0.6878760186983636,
      -0.6618449003515253
    ],
    [
      0.0,
      -0.6878760186983636,
      1.0,
      0.0
    ],
    [
      0.0,
      -0.6618449003515253,
      0.0,
      1.0
    ]
  ],
  "admg": {
    "0": {
      "parents": [],
      "spouses": []
    },
    "1": {
      "parents": [],
      "spouses": [
        2,
        3
      ]
    },
    "2": {
      "parents": [
        0
      ],
      "spouses": [
        1
      ]
    },
    "3": {
      "parents": [
        0,
        2
      ],
      "spouses": [
        1
      ]
    }
  }
}