{
  "dataset_name": "result_d4_admg12_seed7_lambda0.001_lambda_corr0.1_lambda_nl8.0",
  "directed_adj_final": [
    [
      0.0,
      0.0,
      0.0,
      0.0
    ],
    [
      0.0,
      0.0,
      1.0,
      0.0
    ],
    [
      0.0,
      0.0,
      0.0,
      0.0
    ],
    [
      0.0,
      0.0,
      1.0,
      0.0
    ]
  ],
  "bidirected_adj_final": [
    [
      0.0,
      0.0,
      1.0,
      0.01
    ],
    [
      0.0,
      0.0,
      0.0,
      1.0
    ],
    [
      1.0,
      0.0,
      0.0,
      0.0
    ],
    [
      0.01,
      1.0,
      0.0,
      0.0
    ]
  ],
  "W_truth": [
    [
      7.629686181108994e-07,
      3.323735761413419e-06,
      2.4626199571666376,
      1.9846110643709203e-06
    ],
    [
      1.4766794010474315e-05,
      1.149385928222798e-07,
      1.5194950222025834e-06,
      4.20637797748166
    ],
    [
      3.8443451625434e-06,
      3.3846950591750833e-06,
      9.304730561631633e-06,
      1.6870903411355468e-06
    ],
    [
      6.232787274639434e-06,
      4.302217941912886e-06,
      7.91224772805786e-07,
      7.3126608164716e-07
    ]
  ],
  "Sigma_truth": [
    [
      1.0,
      0.0,
      0.0,
      0.0
    ],
    [
      0.0,
      1.0,
      0.4305233157495829,
      0.0
    ],
    [
      0.0,
      0.4305233157495829,
      1.0,
      0.5753636925763574
    ],
    [
      0.0,
      0.0,
      0.5753636925763574,
      1.0
    ]
  ],
  "admg": {
    "0": {
      "parents": [],
      "spouses": []
    },
    "1": {
      "parents": [],
      "spouses": [
        2
      ]
    },
    "2": {
      "parents": [
        0
      ],
      "spouses": [
        1,
        3
      ]
    },
    "3": {
      "parents": [
        1
      ],
      "spouses": [
        2
      ]
    }
  }
}