{
  "dataset_name": "result_d4_admg23_seed8_lambda0.001_lambda_corr0.1_lambda_nl8.0",
  "directed_adj_final": [
    [
      0.0,
      1.0,
      1.0,
      0.0
    ],
    [
      0.0,
      0.0,
      1.0,
      0.0
    ],
    [
      0.0,
      0.0,
      0.0,
      0.0
    ],
    [
      0.0,
      0.0,
      0.0,
      0.0
    ]
  ],
  "bidirected_adj_final": [
    [
      0.0,
      0.0,
      0.0,
      1.0
    ],
    [
      0.0,
      0.0,
      0.0,
      0.0
    ],
    [
      0.0,
      0.0,
      0.0,
      0.0
    ],
    [
      1.0,
      0.0,
      0.0,
      0.0
    ]
  ],
  "W_truth": [
    [
      5.594029359174263e-06,
      4.840666892580234e-06,
      4.279761265312774e-06,
      5.690395942894024
    ],
    [
      7.426871340689384e-06,
      1.8144844047377533e-06,
      3.5685384912387614,
      3.040005877827151e-06
    ],
    [
      1.751841889912594e-06,
      1.4080796474179083e-05,
      9.119850658470147e-07,
      1.9629087560711485e-06
    ],
    [
      6.0014131543177135e-06,
      9.469442120697758e-08,
      5.51965322220174e-06,
      1.3636667345817445e-06
    ]
  ],
  "Sigma_truth": [
    [
      1.0,
      0.0,
      0.7493717611167265,
      0.0
    ],
    [
      0.0,
      1.0,
      0.0,
      0.0
    ],
    [
      0.7493717611167265,
      0.0,
      1.0,
      0.0
    ],
    [
      0.0,
      0.0,
      0.0,
      1.0
    ]
  ],
  "admg": {
    "0": {
      "parents": [],
      "spouses": [
        2
      ]
    },
    "1": {
      "parents": [],
      "spouses": []
    },
    "2": {
      "parents": [
        1
      ],
      "spouses": [
        0
      ]
    },
    "3": {
      "parents": [
        0
      ],
      "spouses": []
    }
  }
}