{
  "dataset_name": "result_d4_admg7_seed3_lambda0.001_lambda_corr0.1_lambda_nl8.0",
  "directed_adj_final": [
    [
      0.0,
      0.0,
      0.0,
      0.0
    ],
    [
      1.0,
      0.0,
      0.0,
      0.0
    ],
    [
      1.0,
      0.99,
      0.0,
      0.0
    ],
    [
      0.0,
      0.0,
      0.0,
      0.0
    ]
  ],
  "bidirected_adj_final": [
    [
      0.0,
      0.0,
      0.0,
      0.03
    ],
    [
      0.0,
      0.0,
      0.0,
      1.0
    ],
    [
      0.0,
      0.0,
      0.0,
      1.0
    ],
    [
      0.03,
      1.0,
      1.0,
      0.0
    ]
  ],
  "W_truth": [
    [
      2.8579418280348343e-07,
      1.9230900895223095e-07,
      3.422206533730821e-06,
      2.769810743880609e-06
    ],
    [
      2.1656264349946602e-06,
      9.609709972348397e-06,
      3.5914940570977237e-06,
      1.511881532572582
    ],
    [
      3.3801751027064297e-06,
      6.489366894744518e-06,
      2.2338543669690275e-06,
      2.0324301054700474e-06
    ],
    [
      3.342853509761848e-07,
      1.1028432866385533e-05,
      4.1583904218045345e-06,
      3.837219740353545e-06
    ]
  ],
  "Sigma_truth": [
    [
      1.0,
      0.6203191610298302,
      0.0,
      0.0
    ],
    [
      0.6203191610298302,
      1.0,
      0.5163618955651778,
      0.0
    ],
    [
      0.0,
      0.5163618955651778,
      1.0,
      0.0
    ],
    [
      0.0,
      0.0,
      0.0,
      1.0
    ]
  ],
  "admg": {
    "0": {
      "parents": [],
      "spouses": [
        1
      ]
    },
    "1": {
      "parents": [],
      "spouses": [
        0,
        2
      ]
    },
    "2": {
      "parents": [],
      "spouses": [
        1
      ]
    },
    "3": {
      "parents": [
        1
      ],
      "spouses": []
    }
  }
}