{
  "dataset_name": "result_d4_admg23_seed4_lambda0.001_lambda_corr0.1_lambda_nl8.0",
  "directed_adj_final": [
    [
      0.0,
      0.0,
      1.0,
      0.0
    ],
    [
      0.01,
      0.0,
      0.0,
      0.0
    ],
    [
      0.0,
      0.0,
      0.0,
      0.0
    ],
    [
      0.0,
      0.0,
      0.0,
      0.0
    ]
  ],
  "bidirected_adj_final": [
    [
      0.0,
      0.0,
      0.0,
      1.0
    ],
    [
      0.0,
      0.0,
      1.0,
      0.0
    ],
    [
      0.0,
      1.0,
      0.0,
      0.0
    ],
    [
      1.0,
      0.0,
      0.0,
      0.0
    ]
  ],
  "W_truth": [
    [
      3.4203771162294764e-06,
      1.9694178032000756e-06,
      9.818319128761084e-07,
      4.0630241876225375
    ],
    [
      4.154558439052622e-06,
      1.7493107095684914e-06,
      2.763351577852051,
      2.1199533533344528e-06
    ],
    [
      5.009203739228781e-06,
      6.1298336836122325e-06,
      4.203512413232893e-06,
      2.478506900182569e-06
    ],
    [
      2.1322803567756084e-06,
      2.722599883858267e-06,
      8.256564682211834e-07,
      3.133374855071372e-06
    ]
  ],
  "Sigma_truth": [
    [
      1.0,
      0.0,
      0.7868119356054707,
      0.0
    ],
    [
      0.0,
      1.0,
      0.0,
      0.0
    ],
    [
      0.7868119356054707,
      0.0,
      1.0,
      0.0
    ],
    [
      0.0,
      0.0,
      0.0,
      1.0
    ]
  ],
  "admg": {
    "0": {
      "parents": [],
      "spouses": [
        2
      ]
    },
    "1": {
      "parents": [],
      "spouses": []
    },
    "2": {
      "parents": [
        1
      ],
      "spouses": [
        0
      ]
    },
    "3": {
      "parents": [
        0
      ],
      "spouses": []
    }
  }
}