{
  "dataset_name": "result_d4_admg19_seed7_lambda0.001_lambda_corr0.1_lambda_nl8.0",
  "directed_adj_final": [
    [
      0.0,
      1.0,
      0.0,
      1.0
    ],
    [
      0.0,
      0.0,
      0.0,
      0.0
    ],
    [
      0.0,
      0.05,
      0.0,
      0.01
    ],
    [
      0.0,
      0.0,
      0.0,
      0.0
    ]
  ],
  "bidirected_adj_final": [
    [
      0.0,
      0.0,
      1.0,
      0.0
    ],
    [
      0.0,
      0.0,
      0.0,
      1.0
    ],
    [
      1.0,
      0.0,
      0.0,
      0.0
    ],
    [
      0.0,
      1.0,
      0.0,
      0.0
    ]
  ],
  "W_truth": [
    [
      7.629704912635359e-07,
      3.323736141717767e-06,
      2.4877468798501736,
      1.4443026445659097
    ],
    [
      1.4766792461427485e-05,
      1.1493895340293487e-07,
      1.54381642657301e-06,
      4.374278521682689e-06
    ],
    [
      3.8443466109549755e-06,
      3.3846952544223996e-06,
      9.29950042082816e-06,
      1.3267125015615382e-06
    ],
    [
      6.23278555341388e-06,
      4.302217815139475e-06,
      8.075464770486825e-07,
      2.368275497766195e-07
    ]
  ],
  "Sigma_truth": [
    [
      1.0,
      0.4305233157495829,
      0.0,
      0.0
    ],
    [
      0.4305233157495829,
      1.0,
      0.0,
      0.0
    ],
    [
      0.0,
      0.0,
      1.0,
      0.0
    ],
    [
      0.0,
      0.0,
      0.0,
      1.0
    ]
  ],
  "admg": {
    "0": {
      "parents": [],
      "spouses": [
        1
      ]
    },
    "1": {
      "parents": [],
      "spouses": [
        0
      ]
    },
    "2": {
      "parents": [
        0
      ],
      "spouses": []
    },
    "3": {
      "parents": [
        0
      ],
      "spouses": []
    }
  }
}