{
  "dataset_name": "result_d4_admg20_seed5_lambda0.001_lambda_corr0.1_lambda_nl8.0",
  "directed_adj_final": [
    [
      0.0,
      1.0,
      0.0,
      0.0
    ],
    [
      0.0,
      0.0,
      0.0,
      0.0
    ],
    [
      0.73,
      1.0,
      0.0,
      0.0
    ],
    [
      1.0,
      0.99,
      0.02,
      0.0
    ]
  ],
  "bidirected_adj_final": [
    [
      0.0,
      0.0,
      0.0,
      0.0
    ],
    [
      0.0,
      0.0,
      0.0,
      0.0
    ],
    [
      0.0,
      0.0,
      0.0,
      0.01
    ],
    [
      0.0,
      0.0,
      0.01,
      0.0
    ]
  ],
  "W_truth": [
    [
      1.5252147477412034e-06,
      3.874220242368997e-07,
      1.7272731237998373e-06,
      4.034103245843735e-06
    ],
    [
      6.713130552493911e-06,
      3.5701096625245946e-06,
      4.79738080434081e-06,
      5.226805206548673e-06
    ],
    [
      5.508505087793468e-07,
      2.2401136205713155e-06,
      6.491733001111554e-06,
      7.26172505231785e-06
    ],
    [
      4.6523385987356845e-06,
      2.8253938959632866e-06,
      5.287961040710055e-06,
      1.5203594668988938e-06
    ]
  ],
  "Sigma_truth": [
    [
      1.0,
      0.4887972684358958,
      0.0,
      0.4826876621357706
    ],
    [
      0.4887972684358958,
      1.0,
      0.5953644755179317,
      0.0
    ],
    [
      0.0,
      0.5953644755179317,
      1.0,
      0.0
    ],
    [
      0.4826876621357706,
      0.0,
      0.0,
      1.0
    ]
  ],
  "admg": {
    "0": {
      "parents": [],
      "spouses": [
        1,
        3
      ]
    },
    "1": {
      "parents": [],
      "spouses": [
        0,
        2
      ]
    },
    "2": {
      "parents": [],
      "spouses": [
        1
      ]
    },
    "3": {
      "parents": [],
      "spouses": [
        0
      ]
    }
  }
}