{
  "dataset_name": "result_d4_admg17_seed9_lambda0.001_lambda_corr0.1_lambda_nl8.0",
  "directed_adj_final": [
    [
      0.0,
      0.0,
      0.0,
      0.0
    ],
    [
      0.0,
      0.0,
      0.0,
      0.0
    ],
    [
      0.0,
      0.0,
      0.0,
      0.0
    ],
    [
      1.0,
      1.0,
      0.0,
      0.0
    ]
  ],
  "bidirected_adj_final": [
    [
      0.0,
      0.0,
      1.0,
      0.0
    ],
    [
      0.0,
      0.0,
      1.0,
      0.0
    ],
    [
      1.0,
      1.0,
      0.0,
      1.0
    ],
    [
      0.0,
      0.0,
      1.0,
      0.0
    ]
  ],
  "W_truth": [
    [
      4.454650773246627e-06,
      7.127147811067531e-06,
      5.455278211745089,
      2.3496321690546025
    ],
    [
      1.2273738505550049e-05,
      1.2779562324865182e-05,
      4.290845043270203e-06,
      2.2603196710918977e-06
    ],
    [
      1.4697447091606127e-06,
      3.9556154293249894e-06,
      3.469536727563783e-06,
      0.8271873033534423
    ],
    [
      1.2364057319621845e-05,
      6.706009010936922e-07,
      3.337669923050789e-06,
      1.7492954610571905e-06
    ]
  ],
  "Sigma_truth": [
    [
      1.0,
      0.0,
      0.0,
      0.0
    ],
    [
      0.0,
      1.0,
      0.40414966155428,
      -0.5983093172536584
    ],
    [
      0.0,
      0.40414966155428,
      1.0,
      0.0
    ],
    [
      0.0,
      -0.5983093172536584,
      0.0,
      1.0
    ]
  ],
  "admg": {
    "0": {
      "parents": [],
      "spouses": []
    },
    "1": {
      "parents": [],
      "spouses": [
        2,
        3
      ]
    },
    "2": {
      "parents": [
        0
      ],
      "spouses": [
        1
      ]
    },
    "3": {
      "parents": [
        0,
        2
      ],
      "spouses": [
        1
      ]
    }
  }
}