{
  "dataset_name": "result_d4_admg20_seed6_lambda0.001_lambda_corr0.1_lambda_nl8.0",
  "directed_adj_final": [
    [
      0.0,
      1.0,
      0.0,
      0.0
    ],
    [
      0.0,
      0.0,
      0.0,
      0.0
    ],
    [
      0.01,
      0.0,
      0.0,
      0.0
    ],
    [
      0.0,
      0.0,
      0.0,
      0.0
    ]
  ],
  "bidirected_adj_final": [
    [
      0.0,
      0.0,
      0.0,
      1.0
    ],
    [
      0.0,
      0.0,
      1.0,
      1.0
    ],
    [
      0.0,
      1.0,
      0.0,
      0.0
    ],
    [
      1.0,
      1.0,
      0.0,
      0.0
    ]
  ],
  "W_truth": [
    [
      5.363501169229073e-06,
      7.247509884428458e-06,
      3.83613167887688e-06,
      2.8319004682909204e-07
    ],
    [
      1.0805239936541576e-05,
      2.2641252156170344e-06,
      2.4272824207000852e-06,
      2.7427618842274004e-06
    ],
    [
      5.403407012979737e-06,
      1.6634736676443794e-06,
      5.360723732481627e-06,
      5.734325873895447e-07
    ],
    [
      5.411553537876567e-06,
      3.2444890913430436e-06,
      6.419430426814698e-06,
      4.363938514031461e-06
    ]
  ],
  "Sigma_truth": [
    [
      1.0,
      -0.6572203343379461,
      0.0,
      -0.6323493113075564
    ],
    [
      -0.6572203343379461,
      1.0,
      0.384589687181541,
      0.0
    ],
    [
      0.0,
      0.384589687181541,
      1.0,
      0.0
    ],
    [
      -0.6323493113075564,
      0.0,
      0.0,
      1.0
    ]
  ],
  "admg": {
    "0": {
      "parents": [],
      "spouses": [
        1,
        3
      ]
    },
    "1": {
      "parents": [],
      "spouses": [
        0,
        2
      ]
    },
    "2": {
      "parents": [],
      "spouses": [
        1
      ]
    },
    "3": {
      "parents": [],
      "spouses": [
        0
      ]
    }
  }
}