{
  "dataset_name": "result_d4_admg4_seed7_lambda0.001_lambda_corr0.1_lambda_nl8.0",
  "directed_adj_final": [
    [
      0.0,
      0.0,
      0.0,
      0.0
    ],
    [
      1.0,
      0.0,
      0.0,
      0.0
    ],
    [
      0.0,
      0.0,
      0.0,
      0.0
    ],
    [
      0.0,
      0.0,
      0.0,
      0.0
    ]
  ],
  "bidirected_adj_final": [
    [
      0.0,
      0.0,
      0.01,
      1.0
    ],
    [
      0.0,
      0.0,
      0.0,
      0.22
    ],
    [
      0.01,
      0.0,
      0.0,
      1.0
    ],
    [
      1.0,
      0.22,
      1.0,
      0.0
    ]
  ],
  "W_truth": [
    [
      7.629812322682972e-07,
      3.3237333333206915e-06,
      5.0574970319023995e-06,
      2.054158651279976e-06
    ],
    [
      1.4766773947107046e-05,
      1.1494187165193354e-07,
      2.717072606723771e-06,
      3.5564347995366843
    ],
    [
      3.844375057342982e-06,
      3.3847018532401387e-06,
      9.043259502677438e-06,
      1.6725024148546304
    ],
    [
      6.232768550805733e-06,
      4.302219107264158e-06,
      7.637884534620086e-08,
      1.042225319352933e-06
    ]
  ],
  "Sigma_truth": [
    [
      1.0,
      0.4305233157495829,
      0.0,
      0.5753636925763574
    ],
    [
      0.4305233157495829,
      1.0,
      0.0,
      0.0
    ],
    [
      0.0,
      0.0,
      1.0,
      0.0
    ],
    [
      0.5753636925763574,
      0.0,
      0.0,
      1.0
    ]
  ],
  "admg": {
    "0": {
      "parents": [],
      "spouses": [
        1,
        3
      ]
    },
    "1": {
      "parents": [],
      "spouses": [
        0
      ]
    },
    "2": {
      "parents": [],
      "spouses": []
    },
    "3": {
      "parents": [
        1,
        2
      ],
      "spouses": [
        0
      ]
    }
  }
}