{
  "dataset_name": "result_d4_admg12_seed5_lambda0.001_lambda_corr0.1_lambda_nl8.0",
  "directed_adj_final": [
    [
      0.0,
      0.0,
      0.0,
      1.0
    ],
    [
      0.01,
      0.0,
      1.0,
      0.0
    ],
    [
      0.0,
      0.0,
      0.0,
      1.0
    ],
    [
      0.0,
      0.0,
      0.0,
      0.0
    ]
  ],
  "bidirected_adj_final": [
    [
      0.0,
      0.0,
      1.0,
      0.0
    ],
    [
      0.0,
      0.0,
      0.0,
      1.0
    ],
    [
      1.0,
      0.0,
      0.0,
      0.0
    ],
    [
      0.0,
      1.0,
      0.0,
      0.0
    ]
  ],
  "W_truth": [
    [
      1.5251959060201257e-06,
      3.8740811914294846e-07,
      0.8366339234069826,
      6.178211786005594e-06
    ],
    [
      6.713115762447029e-06,
      3.5701285110260743e-06,
      2.640863799079459e-06,
      3.159058898921656
    ],
    [
      5.508723153197278e-07,
      2.2401374871288283e-06,
      3.4558447203830766e-06,
      4.645936234388234e-06
    ],
    [
      4.6523197305359445e-06,
      2.825426328072508e-06,
      4.364535197254301e-06,
      2.5080447275475578e-06
    ]
  ],
  "Sigma_truth": [
    [
      1.0,
      0.0,
      0.0,
      0.0
    ],
    [
      0.0,
      1.0,
      0.4887972684358958,
      0.0
    ],
    [
      0.0,
      0.4887972684358958,
      1.0,
      0.4826876621357706
    ],
    [
      0.0,
      0.0,
      0.4826876621357706,
      1.0
    ]
  ],
  "admg": {
    "0": {
      "parents": [],
      "spouses": []
    },
    "1": {
      "parents": [],
      "spouses": [
        2
      ]
    },
    "2": {
      "parents": [
        0
      ],
      "spouses": [
        1,
        3
      ]
    },
    "3": {
      "parents": [
        1
      ],
      "spouses": [
        2
      ]
    }
  }
}