{
  "dataset_name": "result_d4_admg13_seed0_lambda0.001_lambda_corr0.1_lambda_nl8.0",
  "directed_adj_final": [
    [
      0.0,
      0.0,
      0.0,
      0.0
    ],
    [
      0.0,
      0.0,
      0.0,
      0.0
    ],
    [
      0.0,
      0.0,
      0.0,
      0.0
    ],
    [
      0.0,
      0.0,
      0.0,
      0.0
    ]
  ],
  "bidirected_adj_final": [
    [
      0.0,
      1.0,
      0.01,
      1.0
    ],
    [
      1.0,
      0.0,
      0.02,
      0.03
    ],
    [
      0.01,
      0.02,
      0.0,
      1.0
    ],
    [
      1.0,
      0.03,
      1.0,
      0.0
    ]
  ],
  "W_truth": [
    [
      7.423150416922072e-06,
      2.0838163867525274,
      3.511061975426464e-06,
      3.407091959449694e-06
    ],
    [
      2.598439942626308e-06,
      4.599339743461207e-06,
      1.1839265346194938e-05,
      6.832540232180109e-06
    ],
    [
      2.973673951403314e-06,
      2.456837700297549e-06,
      1.5670917622259759e-06,
      3.4277109205136136
    ],
    [
      3.6447642743938174e-06,
      6.415012259522567e-06,
      7.584538832940273e-06,
      2.863158557247064e-06
    ]
  ],
  "Sigma_truth": [
    [
      1.0,
      0.0,
      0.0,
      0.61952540157093
    ],
    [
      0.0,
      1.0,
      0.0,
      0.0
    ],
    [
      0.0,
      0.0,
      1.0,
      0.0
    ],
    [
      0.61952540157093,
      0.0,
      0.0,
      1.0
    ]
  ],
  "admg": {
    "0": {
      "parents": [],
      "spouses": [
        3
      ]
    },
    "1": {
      "parents": [
        0
      ],
      "spouses": []
    },
    "2": {
      "parents": [],
      "spouses": []
    },
    "3": {
      "parents": [
        2
      ],
      "spouses": [
        0
      ]
    }
  }
}