{
  "dataset_name": "result_d4_admg3_seed5_lambda0.001_lambda_corr0.1_lambda_nl8.0",
  "directed_adj_final": [
    [
      0.0,
      0.0,
      0.0,
      1.0
    ],
    [
      1.0,
      0.0,
      1.0,
      0.0
    ],
    [
      0.0,
      0.0,
      0.0,
      0.0
    ],
    [
      0.0,
      0.0,
      0.01,
      0.0
    ]
  ],
  "bidirected_adj_final": [
    [
      0.0,
      0.0,
      1.0,
      0.0
    ],
    [
      0.0,
      0.0,
      0.0,
      1.0
    ],
    [
      1.0,
      0.0,
      0.0,
      0.02
    ],
    [
      0.0,
      1.0,
      0.02,
      0.0
    ]
  ],
  "W_truth": [
    [
      1.5251958913021284e-06,
      3.8740808582474877e-07,
      1.6314430117631866,
      6.22305717245964e-06
    ],
    [
      6.713115773896048e-06,
      3.570128552412221e-06,
      1.9386933391260206,
      3.1098678458158195
    ],
    [
      5.508723383257218e-07,
      2.2401374286791796e-06,
      2.500501432793209e-06,
      4.58768330033606e-06
    ],
    [
      4.65231972586577e-06,
      2.825426454055764e-06,
      3.34261438895378e-06,
      2.4911194870605275e-06
    ]
  ],
  "Sigma_truth": [
    [
      1.0,
      0.4887972684358958,
      0.0,
      0.4826876621357706
    ],
    [
      0.4887972684358958,
      1.0,
      0.0,
      0.0
    ],
    [
      0.0,
      0.0,
      1.0,
      0.0
    ],
    [
      0.4826876621357706,
      0.0,
      0.0,
      1.0
    ]
  ],
  "admg": {
    "0": {
      "parents": [],
      "spouses": [
        1,
        3
      ]
    },
    "1": {
      "parents": [],
      "spouses": [
        0
      ]
    },
    "2": {
      "parents": [
        0,
        1
      ],
      "spouses": []
    },
    "3": {
      "parents": [
        1
      ],
      "spouses": [
        0
      ]
    }
  }
}