{
  "dataset_name": "result_d4_admg12_seed3_lambda0.001_lambda_corr0.1_lambda_nl8.0",
  "directed_adj_final": [
    [
      0.0,
      0.0,
      1.0,
      0.0
    ],
    [
      0.0,
      0.0,
      0.0,
      1.0
    ],
    [
      0.0,
      0.0,
      0.0,
      0.0
    ],
    [
      0.0,
      0.0,
      0.0,
      0.0
    ]
  ],
  "bidirected_adj_final": [
    [
      0.0,
      0.0,
      0.0,
      0.0
    ],
    [
      0.0,
      0.0,
      1.0,
      0.0
    ],
    [
      0.0,
      1.0,
      0.0,
      1.0
    ],
    [
      0.0,
      0.0,
      1.0,
      0.0
    ]
  ],
  "W_truth": [
    [
      2.8579549761200365e-07,
      1.9230569214049132e-07,
      2.990810331625295,
      2.7624695977339824e-06
    ],
    [
      2.16562455598815e-06,
      9.609703834612973e-06,
      2.3212497931108736e-06,
      1.5164307966596076
    ],
    [
      3.3801641340434185e-06,
      6.489368442249176e-06,
      2.9798572943921893e-06,
      2.0250389426295417e-06
    ],
    [
      3.3429495028799556e-07,
      1.102844006731551e-05,
      3.5318899965246634e-06,
      3.824457923114696e-06
    ]
  ],
  "Sigma_truth": [
    [
      1.0,
      0.0,
      0.0,
      0.0
    ],
    [
      0.0,
      1.0,
      0.6203191610298302,
      0.0
    ],
    [
      0.0,
      0.6203191610298302,
      1.0,
      0.5163618955651778
    ],
    [
      0.0,
      0.0,
      0.5163618955651778,
      1.0
    ]
  ],
  "admg": {
    "0": {
      "parents": [],
      "spouses": []
    },
    "1": {
      "parents": [],
      "spouses": [
        2
      ]
    },
    "2": {
      "parents": [
        0
      ],
      "spouses": [
        1,
        3
      ]
    },
    "3": {
      "parents": [
        1
      ],
      "spouses": [
        2
      ]
    }
  }
}