{
  "dataset_name": "result_d4_admg3_seed8_lambda0.001_lambda_corr0.1_lambda_nl8.0",
  "directed_adj_final": [
    [
      0.0,
      0.0,
      0.0,
      0.07
    ],
    [
      0.0,
      0.0,
      0.0,
      0.0
    ],
    [
      0.0,
      0.0,
      0.0,
      1.0
    ],
    [
      0.0,
      1.0,
      0.0,
      0.0
    ]
  ],
  "bidirected_adj_final": [
    [
      0.0,
      0.0,
      1.0,
      0.0
    ],
    [
      0.0,
      0.0,
      1.0,
      0.0
    ],
    [
      1.0,
      1.0,
      0.0,
      0.0
    ],
    [
      0.0,
      0.0,
      0.0,
      0.0
    ]
  ],
  "W_truth": [
    [
      5.594029854861835e-06,
      4.84066671697105e-06,
      2.402058001278331,
      7.177471467107725e-06
    ],
    [
      7.4268714173587515e-06,
      1.8144844317481898e-06,
      2.8839781702503937,
      3.084267575673932
    ],
    [
      1.7518424869894351e-06,
      1.4080795451900343e-05,
      1.0445725686984946e-06,
      2.1564427854386486e-06
    ],
    [
      6.001413220902054e-06,
      9.469568052790784e-08,
      4.5462246248114205e-06,
      1.2807218463553711e-06
    ]
  ],
  "Sigma_truth": [
    [
      1.0,
      0.6759777564193152,
      0.0,
      0.6744497175725434
    ],
    [
      0.6759777564193152,
      1.0,
      0.0,
      0.0
    ],
    [
      0.0,
      0.0,
      1.0,
      0.0
    ],
    [
      0.6744497175725434,
      0.0,
      0.0,
      1.0
    ]
  ],
  "admg": {
    "0": {
      "parents": [],
      "spouses": [
        1,
        3
      ]
    },
    "1": {
      "parents": [],
      "spouses": [
        0
      ]
    },
    "2": {
      "parents": [
        0,
        1
      ],
      "spouses": []
    },
    "3": {
      "parents": [
        1
      ],
      "spouses": [
        0
      ]
    }
  }
}