{
  "dataset_name": "result_d4_admg19_seed4_lambda0.001_lambda_corr0.1_lambda_nl8.0",
  "directed_adj_final": [
    [
      0.0,
      1.0,
      0.0,
      0.0
    ],
    [
      0.0,
      0.0,
      0.15,
      0.0
    ],
    [
      0.0,
      0.0,
      0.0,
      1.0
    ],
    [
      0.0,
      0.0,
      0.0,
      0.0
    ]
  ],
  "bidirected_adj_final": [
    [
      0.0,
      0.0,
      0.98,
      1.0
    ],
    [
      0.0,
      0.0,
      0.0,
      0.01
    ],
    [
      0.98,
      0.0,
      0.0,
      0.0
    ],
    [
      1.0,
      0.01,
      0.0,
      0.0
    ]
  ],
  "W_truth": [
    [
      3.420376782710467e-06,
      1.969417907611057e-06,
      1.5288324340195718,
      4.029808552245325
    ],
    [
      4.154558448002987e-06,
      1.749310616614612e-06,
      3.03262446564598e-06,
      2.1041551463711066e-06
    ],
    [
      5.009203623982443e-06,
      6.129833585482987e-06,
      5.379253272728361e-06,
      2.472761828303644e-06
    ],
    [
      2.1322804876799997e-06,
      2.7226000206289517e-06,
      5.4305798393485e-07,
      3.138165140707035e-06
    ]
  ],
  "Sigma_truth": [
    [
      1.0,
      0.7868119356054707,
      0.0,
      0.0
    ],
    [
      0.7868119356054707,
      1.0,
      0.0,
      0.0
    ],
    [
      0.0,
      0.0,
      1.0,
      0.0
    ],
    [
      0.0,
      0.0,
      0.0,
      1.0
    ]
  ],
  "admg": {
    "0": {
      "parents": [],
      "spouses": [
        1
      ]
    },
    "1": {
      "parents": [],
      "spouses": [
        0
      ]
    },
    "2": {
      "parents": [
        0
      ],
      "spouses": []
    },
    "3": {
      "parents": [
        0
      ],
      "spouses": []
    }
  }
}