{
  "dataset_name": "result_d4_admg2_seed8_lambda0.001_lambda_corr0.1_lambda_nl8.0",
  "directed_adj_final": [
    [
      0.0,
      1.0,
      0.0,
      0.0
    ],
    [
      0.0,
      0.0,
      1.0,
      0.0
    ],
    [
      0.0,
      0.0,
      0.0,
      0.0
    ],
    [
      0.01,
      0.0,
      0.0,
      0.0
    ]
  ],
  "bidirected_adj_final": [
    [
      0.0,
      0.0,
      0.45,
      0.01
    ],
    [
      0.0,
      0.0,
      0.0,
      0.0
    ],
    [
      0.45,
      0.0,
      0.0,
      1.0
    ],
    [
      0.01,
      0.0,
      1.0,
      0.0
    ]
  ],
  "W_truth": [
    [
      5.594037020726621e-06,
      2.408149469680621,
      4.1691428905492526e-06,
      1.0153561999920873e-05
    ],
    [
      7.426874061130357e-06,
      1.1019368885514133e-06,
      2.46964079213632,
      5.9684222912262e-06
    ],
    [
      1.7518466639962614e-06,
      9.246566440273698e-06,
      8.213658115089212e-07,
      4.004333272728817e-06
    ],
    [
      6.00141760375068e-06,
      3.125647287526015e-07,
      3.918317921570917e-06,
      2.560057378657881e-06
    ]
  ],
  "Sigma_truth": [
    [
      1.0,
      0.0,
      0.0,
      0.0
    ],
    [
      0.0,
      1.0,
      0.0,
      0.0
    ],
    [
      0.0,
      0.0,
      1.0,
      0.7493717611167265
    ],
    [
      0.0,
      0.0,
      0.7493717611167265,
      1.0
    ]
  ],
  "admg": {
    "0": {
      "parents": [],
      "spouses": []
    },
    "1": {
      "parents": [
        0
      ],
      "spouses": []
    },
    "2": {
      "parents": [
        1
      ],
      "spouses": [
        3
      ]
    },
    "3": {
      "parents": [],
      "spouses": [
        2
      ]
    }
  }
}