{
  "dataset_name": "result_d4_admg7_seed7_lambda0.001_lambda_corr0.1_lambda_nl8.0",
  "directed_adj_final": [
    [
      0.0,
      0.0,
      1.0,
      0.0
    ],
    [
      1.0,
      0.0,
      1.0,
      0.0
    ],
    [
      0.0,
      0.0,
      0.0,
      0.0
    ],
    [
      0.0,
      0.0,
      0.01,
      0.0
    ]
  ],
  "bidirected_adj_final": [
    [
      0.0,
      0.0,
      0.0,
      0.01
    ],
    [
      0.0,
      0.0,
      0.0,
      0.98
    ],
    [
      0.0,
      0.0,
      0.0,
      0.02
    ],
    [
      0.01,
      0.98,
      0.02,
      0.0
    ]
  ],
  "W_truth": [
    [
      7.629799146838486e-07,
      3.323733082809043e-06,
      5.057497527251188e-06,
      1.9708923851625624e-06
    ],
    [
      1.476677508327573e-05,
      1.1494161073909538e-07,
      2.717073063225102e-06,
      4.158177858749205
    ],
    [
      3.84437398366631e-06,
      3.3847017027503293e-06,
      9.04325867371203e-06,
      1.6788575039195053e-06
    ],
    [
      6.232769803239772e-06,
      4.302219171666698e-06,
      7.637841949081848e-08,
      7.391180503705506e-07
    ]
  ],
  "Sigma_truth": [
    [
      1.0,
      0.4305233157495829,
      0.0,
      0.0
    ],
    [
      0.4305233157495829,
      1.0,
      0.5753636925763574,
      0.0
    ],
    [
      0.0,
      0.5753636925763574,
      1.0,
      0.0
    ],
    [
      0.0,
      0.0,
      0.0,
      1.0
    ]
  ],
  "admg": {
    "0": {
      "parents": [],
      "spouses": [
        1
      ]
    },
    "1": {
      "parents": [],
      "spouses": [
        0,
        2
      ]
    },
    "2": {
      "parents": [],
      "spouses": [
        1
      ]
    },
    "3": {
      "parents": [
        1
      ],
      "spouses": []
    }
  }
}