{
  "dataset_name": "result_d4_admg12_seed8_lambda0.001_lambda_corr0.1_lambda_nl8.0",
  "directed_adj_final": [
    [
      0.0,
      0.0,
      0.0,
      1.0
    ],
    [
      1.0,
      0.0,
      0.0,
      0.0
    ],
    [
      1.0,
      0.0,
      0.0,
      1.0
    ],
    [
      0.0,
      0.0,
      0.0,
      0.0
    ]
  ],
  "bidirected_adj_final": [
    [
      0.0,
      0.0,
      0.0,
      0.0
    ],
    [
      0.0,
      0.0,
      0.19,
      0.01
    ],
    [
      0.0,
      0.19,
      0.0,
      0.0
    ],
    [
      0.0,
      0.01,
      0.0,
      0.0
    ]
  ],
  "W_truth": [
    [
      5.594029851492246e-06,
      4.840666131403887e-06,
      1.4096314548742939,
      7.149868679892621e-06
    ],
    [
      7.4268714395544875e-06,
      1.8144840814782756e-06,
      4.321059964736939e-06,
      3.051118737407343
    ],
    [
      1.7518426165327402e-06,
      1.4080794884670532e-05,
      1.6112567531125517e-06,
      2.131761419097655e-06
    ],
    [
      6.001413288834069e-06,
      9.469573835871313e-08,
      6.549452704200806e-06,
      1.2693211273234346e-06
    ]
  ],
  "Sigma_truth": [
    [
      1.0,
      0.0,
      0.0,
      0.0
    ],
    [
      0.0,
      1.0,
      0.6759777564193152,
      0.0
    ],
    [
      0.0,
      0.6759777564193152,
      1.0,
      0.6744497175725434
    ],
    [
      0.0,
      0.0,
      0.6744497175725434,
      1.0
    ]
  ],
  "admg": {
    "0": {
      "parents": [],
      "spouses": []
    },
    "1": {
      "parents": [],
      "spouses": [
        2
      ]
    },
    "2": {
      "parents": [
        0
      ],
      "spouses": [
        1,
        3
      ]
    },
    "3": {
      "parents": [
        1
      ],
      "spouses": [
        2
      ]
    }
  }
}