{
  "dataset_name": "result_d4_admg17_seed8_lambda0.001_lambda_corr0.1_lambda_nl8.0",
  "directed_adj_final": [
    [
      0.0,
      0.0,
      0.0,
      1.0
    ],
    [
      0.0,
      0.0,
      1.0,
      1.0
    ],
    [
      0.0,
      0.0,
      0.0,
      0.0
    ],
    [
      0.0,
      0.0,
      0.0,
      0.0
    ]
  ],
  "bidirected_adj_final": [
    [
      0.0,
      0.01,
      1.0,
      0.0
    ],
    [
      0.01,
      0.0,
      0.0,
      0.0
    ],
    [
      1.0,
      0.0,
      0.0,
      1.0
    ],
    [
      0.0,
      0.0,
      1.0,
      0.0
    ]
  ],
  "W_truth": [
    [
      5.594035981783906e-06,
      4.8406723294633245e-06,
      1.4096266931314902,
      1.4703475395851684
    ],
    [
      7.4268733068314615e-06,
      1.814491646705523e-06,
      4.3210653812729366e-06,
      1.5335318052416573e-06
    ],
    [
      1.7518469225810825e-06,
      1.4080794309177804e-05,
      1.6112558288374306e-06,
      0.24409995870871457
    ],
    [
      6.001416403102818e-06,
      9.470927733518109e-08,
      6.549453243592197e-06,
      4.2481907135005763e-07
    ]
  ],
  "Sigma_truth": [
    [
      1.0,
      0.0,
      0.0,
      0.0
    ],
    [
      0.0,
      1.0,
      0.6759777564193152,
      0.6744497175725434
    ],
    [
      0.0,
      0.6759777564193152,
      1.0,
      0.0
    ],
    [
      0.0,
      0.6744497175725434,
      0.0,
      1.0
    ]
  ],
  "admg": {
    "0": {
      "parents": [],
      "spouses": []
    },
    "1": {
      "parents": [],
      "spouses": [
        2,
        3
      ]
    },
    "2": {
      "parents": [
        0
      ],
      "spouses": [
        1
      ]
    },
    "3": {
      "parents": [
        0,
        2
      ],
      "spouses": [
        1
      ]
    }
  }
}